Time,outdoor_temperature,outdoor_temperature_average24h,energy_manager_state,system_off,index,desired_room_temperature_setpoint_heating,desired_room_temperature_setpoint,current_room_temperature,current_room_humidity,current_special_function,heating_state,circuit_state,current_circuit_flow_temperature,heating_circuit_flow_setpoint,calculated_energy_manager_state,current_dhw_temperature
2024-06-11 00:39:00.975889,10.0,12.890625,STANDBY,False,255,19.0,19.0,18.8125,50.0,REGULAR,HEATING_UP,STANDBY,26.0,0.0,HEATING_STANDBY,45.5
2024-06-11 00:40:00.454472,10.0,12.890625,STANDBY,False,255,19.0,19.0,18.8125,50.0,REGULAR,HEATING_UP,STANDBY,26.0,0.0,HEATING_STANDBY,45.5
2024-06-11 00:41:00.639835,10.0,12.890625,STANDBY,False,255,19.0,19.0,18.8125,50.0,REGULAR,HEATING_UP,STANDBY,26.0,0.0,HEATING_STANDBY,45.5
2024-06-11 00:42:00.451511,10.0,12.890625,STANDBY,False,255,19.0,19.0,18.8125,50.0,REGULAR,HEATING_UP,STANDBY,26.0,0.0,HEATING_STANDBY,45.5
2024-06-11 00:43:00.435703,10.140625,12.890625,STANDBY,False,255,19.0,19.0,18.8125,50.0,REGULAR,HEATING_UP,STANDBY,25.5,0.0,HEATING_STANDBY,45.5
2024-06-11 00:44:00.609738,10.140625,12.890625,STANDBY,False,255,19.0,19.0,18.8125,50.0,REGULAR,HEATING_UP,STANDBY,25.5,0.0,HEATING_STANDBY,45.5
2024-06-11 00:45:01.005801,10.140625,12.890625,STANDBY,False,255,19.0,19.0,18.8125,50.0,REGULAR,HEATING_UP,STANDBY,25.5,0.0,HEATING_STANDBY,45.5
2024-06-11 00:46:00.529004,10.140625,12.890625,STANDBY,False,255,19.0,19.0,18.8125,50.0,REGULAR,HEATING_UP,STANDBY,25.5,0.0,HEATING_STANDBY,45.5
2024-06-11 00:47:01.147268,10.140625,12.890625,STANDBY,False,255,19.0,19.0,18.8125,50.0,REGULAR,HEATING_UP,STANDBY,25.5,0.0,HEATING_STANDBY,45.5
2024-06-11 00:48:00.431696,10.140625,12.890625,STANDBY,False,255,19.0,19.0,18.8125,50.0,REGULAR,HEATING_UP,STANDBY,25.5,0.0,HEATING_STANDBY,45.5
2024-06-11 00:49:00.446364,10.140625,12.890625,STANDBY,False,255,19.0,19.0,18.8125,50.0,REGULAR,HEATING_UP,STANDBY,25.5,0.0,HEATING_STANDBY,45.5
2024-06-11 00:50:00.658270,10.140625,12.890625,STANDBY,False,255,19.0,19.0,18.8125,50.0,REGULAR,HEATING_UP,STANDBY,25.5,0.0,HEATING_STANDBY,45.5
2024-06-11 00:51:00.407136,10.140625,12.890625,STANDBY,False,255,19.0,19.0,18.8125,50.0,REGULAR,HEATING_UP,STANDBY,25.5,0.0,HEATING_STANDBY,45.5
2024-06-11 00:52:00.438971,10.140625,12.890625,STANDBY,False,255,19.0,19.0,18.8125,50.0,REGULAR,HEATING_UP,STANDBY,25.5,0.0,HEATING_STANDBY,45.5
2024-06-11 00:53:00.683804,10.140625,12.890625,HEATING,False,255,19.0,19.0,18.75,49.0,REGULAR,HEATING_UP,HEATING,25.0,0.0,HEATING_ACTIVE,45.5
2024-06-11 00:54:00.447160,10.140625,12.890625,HEATING,False,255,19.0,19.0,18.75,49.0,REGULAR,HEATING_UP,HEATING,25.0,0.0,HEATING_ACTIVE,45.5
2024-06-11 00:55:00.505857,10.140625,12.890625,HEATING,False,255,19.0,19.0,18.75,49.0,REGULAR,HEATING_UP,HEATING,25.0,0.0,HEATING_ACTIVE,45.5
2024-06-11 00:56:01.236713,10.140625,12.890625,HEATING,False,255,19.0,19.0,18.75,49.0,REGULAR,HEATING_UP,HEATING,25.0,0.0,HEATING_ACTIVE,45.5
2024-06-11 00:57:00.421316,10.140625,12.890625,HEATING,False,255,19.0,19.0,18.75,49.0,REGULAR,HEATING_UP,HEATING,25.0,0.0,HEATING_ACTIVE,45.5
2024-06-11 00:58:00.500665,10.140625,12.890625,HEATING,False,255,19.0,19.0,18.75,50.0,REGULAR,HEATING_UP,HEATING,25.5,0.0,HEATING_ACTIVE,45.5
2024-06-11 00:59:01.919574,10.140625,12.890625,HEATING,False,255,19.0,19.0,18.75,50.0,REGULAR,HEATING_UP,HEATING,25.5,0.0,HEATING_ACTIVE,45.5
2024-06-11 01:00:00.583532,10.140625,12.890625,HEATING,False,255,19.0,19.0,18.75,50.0,REGULAR,HEATING_UP,HEATING,25.5,0.0,HEATING_ACTIVE,45.5
2024-06-11 01:01:00.513623,10.140625,12.890625,HEATING,False,255,19.0,19.0,18.75,50.0,REGULAR,HEATING_UP,HEATING,25.5,0.0,HEATING_ACTIVE,45.5
2024-06-11 01:02:00.655473,10.140625,12.890625,HEATING,False,255,19.0,19.0,18.75,50.0,REGULAR,HEATING_UP,HEATING,25.5,0.0,HEATING_ACTIVE,45.5
2024-06-11 01:03:00.393097,10.140625,12.730469,HEATING,False,255,19.0,19.0,18.75,50.0,REGULAR,HEATING_UP,HEATING,29.5,29.50673,HEATING_ACTIVE,45.5
2024-06-11 01:04:00.726634,10.140625,12.730469,HEATING,False,255,19.0,19.0,18.75,50.0,REGULAR,HEATING_UP,HEATING,29.5,29.50673,HEATING_ACTIVE,45.5
2024-06-11 01:05:00.963697,10.140625,12.730469,HEATING,False,255,19.0,19.0,18.75,50.0,REGULAR,HEATING_UP,HEATING,29.5,29.50673,HEATING_ACTIVE,45.5
2024-06-11 01:06:00.444435,10.140625,12.730469,HEATING,False,255,19.0,19.0,18.75,50.0,REGULAR,HEATING_UP,HEATING,29.5,29.50673,HEATING_ACTIVE,45.5
2024-06-11 01:07:00.444162,10.140625,12.730469,HEATING,False,255,19.0,19.0,18.75,50.0,REGULAR,HEATING_UP,HEATING,29.5,29.50673,HEATING_ACTIVE,45.5
2024-06-11 01:20:00.514579,10.0,12.730469,HEATING,False,255,19.0,19.0,18.75,50.0,REGULAR,HEATING_UP,HEATING,30.0,29.50673,HEATING_ACTIVE,45.5
2024-06-11 01:21:00.388787,10.0,12.730469,HEATING,False,255,19.0,19.0,18.75,50.0,REGULAR,HEATING_UP,HEATING,30.0,29.50673,HEATING_ACTIVE,45.5
2024-06-11 01:22:00.542797,10.0,12.730469,HEATING,False,255,19.0,19.0,18.75,50.0,REGULAR,HEATING_UP,HEATING,30.0,29.50673,HEATING_ACTIVE,45.5
2024-06-11 01:23:00.460354,10.0,12.730469,HEATING,False,255,19.0,19.0,18.75,50.0,REGULAR,HEATING_UP,HEATING,30.0,29.50673,HEATING_ACTIVE,45.5
2024-06-11 01:24:00.468761,10.0,12.730469,HEATING,False,255,19.0,19.0,18.75,49.0,REGULAR,HEATING_UP,HEATING,30.0,29.50673,HEATING_ACTIVE,45.0
2024-06-11 01:25:00.571604,10.0,12.730469,HEATING,False,255,19.0,19.0,18.75,49.0,REGULAR,HEATING_UP,HEATING,30.0,29.50673,HEATING_ACTIVE,45.0
2024-06-11 01:26:01.029471,10.0,12.730469,HEATING,False,255,19.0,19.0,18.75,49.0,REGULAR,HEATING_UP,HEATING,30.0,29.50673,HEATING_ACTIVE,45.0
2024-06-11 01:27:07.476116,10.0,12.730469,HEATING,False,255,19.0,19.0,18.75,49.0,REGULAR,HEATING_UP,HEATING,30.0,29.50673,HEATING_ACTIVE,45.0
2024-06-11 01:28:00.595741,10.0,12.730469,HEATING,False,255,19.0,19.0,18.75,49.0,REGULAR,HEATING_UP,HEATING,30.0,29.50673,HEATING_ACTIVE,45.0
2024-06-11 01:29:00.430172,9.855469,12.730469,HEATING,False,255,19.0,19.0,18.75,49.0,REGULAR,HEATING_UP,HEATING,30.5,29.50673,HEATING_ACTIVE,45.0
2024-06-11 01:30:00.395874,9.855469,12.730469,HEATING,False,255,19.0,19.0,18.75,49.0,REGULAR,HEATING_UP,HEATING,30.5,29.50673,HEATING_ACTIVE,45.0
2024-06-11 01:31:00.576920,9.855469,12.730469,HEATING,False,255,19.0,19.0,18.75,49.0,REGULAR,HEATING_UP,HEATING,30.5,29.50673,HEATING_ACTIVE,45.0
2024-06-11 01:32:00.420373,9.855469,12.730469,HEATING,False,255,19.0,19.0,18.75,49.0,REGULAR,HEATING_UP,HEATING,30.5,29.50673,HEATING_ACTIVE,45.0
2024-06-11 01:33:00.439904,9.855469,12.730469,HEATING,False,255,19.0,19.0,18.75,49.0,REGULAR,HEATING_UP,HEATING,30.5,29.50673,HEATING_ACTIVE,45.0
2024-06-11 01:34:00.605094,9.855469,12.730469,HEATING,False,255,19.0,19.0,18.75,50.0,REGULAR,HEATING_UP,HEATING,30.5,29.50673,HEATING_ACTIVE,45.0
2024-06-11 01:35:00.404859,9.855469,12.730469,HEATING,False,255,19.0,19.0,18.75,50.0,REGULAR,HEATING_UP,HEATING,30.5,29.50673,HEATING_ACTIVE,45.0
2024-06-11 01:36:00.422273,9.855469,12.730469,HEATING,False,255,19.0,19.0,18.75,50.0,REGULAR,HEATING_UP,HEATING,30.5,29.50673,HEATING_ACTIVE,45.0
2024-06-11 01:37:00.542491,9.855469,12.730469,HEATING,False,255,19.0,19.0,18.75,50.0,REGULAR,HEATING_UP,HEATING,30.5,29.50673,HEATING_ACTIVE,45.0
2024-06-11 01:38:00.412147,9.855469,12.730469,HEATING,False,255,19.0,19.0,18.75,50.0,REGULAR,HEATING_UP,HEATING,30.5,29.50673,HEATING_ACTIVE,45.0
2024-06-11 01:39:00.464647,9.855469,12.730469,HEATING,False,255,19.0,19.0,18.75,50.0,REGULAR,HEATING_UP,HEATING,31.0,29.50673,HEATING_ACTIVE,45.0
2024-06-11 01:40:00.730766,9.855469,12.730469,HEATING,False,255,19.0,19.0,18.75,50.0,REGULAR,HEATING_UP,HEATING,31.0,29.50673,HEATING_ACTIVE,45.0
2024-06-11 01:41:00.488163,9.855469,12.730469,HEATING,False,255,19.0,19.0,18.75,50.0,REGULAR,HEATING_UP,HEATING,31.0,29.50673,HEATING_ACTIVE,45.0
2024-06-11 01:42:00.551576,9.855469,12.730469,HEATING,False,255,19.0,19.0,18.75,50.0,REGULAR,HEATING_UP,HEATING,31.0,29.50673,HEATING_ACTIVE,45.0
2024-06-11 01:43:00.603433,9.855469,12.730469,HEATING,False,255,19.0,19.0,18.75,50.0,REGULAR,HEATING_UP,HEATING,31.0,29.50673,HEATING_ACTIVE,45.0
2024-06-11 01:44:00.550626,9.707031,12.730469,HEATING,False,255,19.0,19.0,18.875,50.0,REGULAR,HEATING_UP,HEATING,31.0,29.50673,HEATING_ACTIVE,45.0
2024-06-11 01:45:00.611084,9.707031,12.730469,HEATING,False,255,19.0,19.0,18.875,50.0,REGULAR,HEATING_UP,HEATING,31.0,29.50673,HEATING_ACTIVE,45.0
2024-06-11 01:46:00.679771,9.707031,12.730469,HEATING,False,255,19.0,19.0,18.875,50.0,REGULAR,HEATING_UP,HEATING,31.0,29.50673,HEATING_ACTIVE,45.0
2024-06-11 01:47:00.624065,9.707031,12.730469,HEATING,False,255,19.0,19.0,18.875,50.0,REGULAR,HEATING_UP,HEATING,31.0,29.50673,HEATING_ACTIVE,45.0
2024-06-11 01:48:00.929842,9.707031,12.730469,HEATING,False,255,19.0,19.0,18.875,50.0,REGULAR,HEATING_UP,HEATING,31.0,29.50673,HEATING_ACTIVE,45.0
2024-06-11 01:49:00.637893,9.707031,12.730469,HEATING,False,255,19.0,19.0,18.875,49.0,REGULAR,HEATING_UP,HEATING,31.5,29.50673,HEATING_ACTIVE,45.0
2024-06-11 01:50:00.612037,9.707031,12.730469,HEATING,False,255,19.0,19.0,18.875,49.0,REGULAR,HEATING_UP,HEATING,31.5,29.50673,HEATING_ACTIVE,45.0
2024-06-11 01:51:00.446872,9.707031,12.730469,HEATING,False,255,19.0,19.0,18.875,49.0,REGULAR,HEATING_UP,HEATING,31.5,29.50673,HEATING_ACTIVE,45.0
2024-06-11 01:52:00.692757,9.707031,12.730469,HEATING,False,255,19.0,19.0,18.875,49.0,REGULAR,HEATING_UP,HEATING,31.5,29.50673,HEATING_ACTIVE,45.0
2024-06-11 01:53:00.412317,9.707031,12.730469,HEATING,False,255,19.0,19.0,18.875,49.0,REGULAR,HEATING_UP,HEATING,31.5,29.50673,HEATING_ACTIVE,45.0
2024-06-11 01:54:00.379681,9.707031,12.730469,HEATING,False,255,19.0,19.0,18.875,49.0,REGULAR,HEATING_UP,HEATING,31.5,29.50673,HEATING_ACTIVE,45.0
2024-06-11 01:55:00.653425,9.707031,12.730469,HEATING,False,255,19.0,19.0,18.875,49.0,REGULAR,HEATING_UP,HEATING,31.5,29.50673,HEATING_ACTIVE,45.0
2024-06-11 01:56:00.448416,9.707031,12.730469,HEATING,False,255,19.0,19.0,18.875,49.0,REGULAR,HEATING_UP,HEATING,31.5,29.50673,HEATING_ACTIVE,45.0
2024-06-11 01:57:00.451933,9.707031,12.730469,HEATING,False,255,19.0,19.0,18.875,49.0,REGULAR,HEATING_UP,HEATING,31.5,29.50673,HEATING_ACTIVE,45.0
2024-06-11 01:58:00.581844,9.707031,12.730469,HEATING,False,255,19.0,19.0,18.875,49.0,REGULAR,HEATING_UP,HEATING,31.5,29.50673,HEATING_ACTIVE,45.0
2024-06-11 01:59:00.421829,9.707031,12.730469,HEATING,False,255,19.0,19.0,18.875,50.0,REGULAR,HEATING_UP,HEATING,31.5,29.50673,HEATING_ACTIVE,45.0
2024-06-11 02:00:00.508529,9.707031,12.730469,HEATING,False,255,19.0,19.0,18.875,50.0,REGULAR,HEATING_UP,HEATING,31.5,29.50673,HEATING_ACTIVE,45.0
2024-06-11 02:01:00.771767,9.707031,12.730469,HEATING,False,255,19.0,19.0,18.875,50.0,REGULAR,HEATING_UP,HEATING,31.5,29.50673,HEATING_ACTIVE,45.0
2024-06-11 02:02:00.431550,9.707031,12.730469,HEATING,False,255,19.0,19.0,18.875,50.0,REGULAR,HEATING_UP,HEATING,31.5,29.50673,HEATING_ACTIVE,45.0
2024-06-11 02:03:00.415514,9.707031,12.582031,HEATING,False,255,19.0,19.0,18.875,50.0,REGULAR,HEATING_UP,HEATING,31.5,29.648489,HEATING_ACTIVE,45.0
2024-06-11 02:04:00.649136,9.707031,12.582031,HEATING,False,255,19.0,19.0,18.875,49.0,REGULAR,HEATING_UP,HEATING,32.0,29.648489,HEATING_ACTIVE,45.0
2024-06-11 02:05:00.473072,9.707031,12.582031,HEATING,False,255,19.0,19.0,18.875,49.0,REGULAR,HEATING_UP,HEATING,32.0,29.648489,HEATING_ACTIVE,45.0
2024-06-11 02:06:01.490653,9.707031,12.582031,HEATING,False,255,19.0,19.0,18.875,49.0,REGULAR,HEATING_UP,HEATING,32.0,29.648489,HEATING_ACTIVE,45.0
2024-06-11 02:07:15.616358,9.707031,12.582031,HEATING,False,255,19.0,19.0,18.875,49.0,REGULAR,HEATING_UP,HEATING,32.0,29.648489,HEATING_ACTIVE,45.0
2024-06-11 02:08:00.588538,9.707031,12.582031,HEATING,False,255,19.0,19.0,18.875,49.0,REGULAR,HEATING_UP,HEATING,32.0,29.648489,HEATING_ACTIVE,45.0
2024-06-11 02:09:00.713978,9.707031,12.582031,HEATING,False,255,19.0,19.0,18.9375,49.0,REGULAR,HEATING_UP,HEATING,28.0,29.648489,HEATING_ACTIVE,45.0
2024-06-11 02:10:00.756643,9.707031,12.582031,HEATING,False,255,19.0,19.0,18.9375,49.0,REGULAR,HEATING_UP,HEATING,28.0,29.648489,HEATING_ACTIVE,45.0
2024-06-11 02:11:00.418795,9.707031,12.582031,HEATING,False,255,19.0,19.0,18.9375,49.0,REGULAR,HEATING_UP,HEATING,28.0,29.648489,HEATING_ACTIVE,45.0
2024-06-11 02:12:00.402280,9.707031,12.582031,HEATING,False,255,19.0,19.0,18.9375,49.0,REGULAR,HEATING_UP,HEATING,28.0,29.648489,HEATING_ACTIVE,45.0
2024-06-11 02:13:00.585570,9.707031,12.582031,HEATING,False,255,19.0,19.0,18.9375,49.0,REGULAR,HEATING_UP,HEATING,28.0,29.648489,HEATING_ACTIVE,45.0
2024-06-11 02:14:00.425446,9.707031,12.582031,HEATING,False,255,19.0,19.0,18.9375,49.0,REGULAR,HEATING_UP,HEATING,27.0,29.648489,HEATING_ACTIVE,45.0
2024-06-11 02:15:00.403041,9.707031,12.582031,HEATING,False,255,19.0,19.0,18.9375,49.0,REGULAR,HEATING_UP,HEATING,27.0,29.648489,HEATING_ACTIVE,45.0
2024-06-11 02:16:00.587738,9.707031,12.582031,HEATING,False,255,19.0,19.0,18.9375,49.0,REGULAR,HEATING_UP,HEATING,27.0,29.648489,HEATING_ACTIVE,45.0
2024-06-11 02:17:00.395119,9.707031,12.582031,HEATING,False,255,19.0,19.0,18.9375,49.0,REGULAR,HEATING_UP,HEATING,27.0,29.648489,HEATING_ACTIVE,45.0
2024-06-11 02:18:00.703589,9.707031,12.582031,HEATING,False,255,19.0,19.0,18.9375,49.0,REGULAR,HEATING_UP,HEATING,27.0,29.648489,HEATING_ACTIVE,45.0
2024-06-11 02:19:00.513787,9.707031,12.582031,HEATING,False,255,19.0,19.0,18.9375,49.0,REGULAR,HEATING_UP,HEATING,26.0,29.648489,HEATING_ACTIVE,45.0
2024-06-11 02:20:03.554316,9.707031,12.582031,HEATING,False,255,19.0,19.0,18.9375,49.0,REGULAR,HEATING_UP,HEATING,26.0,29.648489,HEATING_ACTIVE,45.0
2024-06-11 02:21:00.475914,9.707031,12.582031,HEATING,False,255,19.0,19.0,18.9375,49.0,REGULAR,HEATING_UP,HEATING,26.0,29.648489,HEATING_ACTIVE,45.0
2024-06-11 02:22:01.440289,9.707031,12.582031,HEATING,False,255,19.0,19.0,18.9375,49.0,REGULAR,HEATING_UP,HEATING,26.0,29.648489,HEATING_ACTIVE,45.0
2024-06-11 02:23:00.468228,9.707031,12.582031,HEATING,False,255,19.0,19.0,18.9375,49.0,REGULAR,HEATING_UP,HEATING,26.0,29.648489,HEATING_ACTIVE,45.0
2024-06-11 02:24:00.553603,9.707031,12.582031,HEATING,False,255,19.0,19.0,18.9375,49.0,REGULAR,HEATING_UP,HEATING,26.0,29.648489,HEATING_ACTIVE,45.0
2024-06-11 02:25:00.719103,9.707031,12.582031,HEATING,False,255,19.0,19.0,18.9375,49.0,REGULAR,HEATING_UP,HEATING,25.0,29.648489,HEATING_ACTIVE,45.0
2024-06-11 02:26:00.502113,9.707031,12.582031,HEATING,False,255,19.0,19.0,18.9375,49.0,REGULAR,HEATING_UP,HEATING,25.0,29.648489,HEATING_ACTIVE,45.0
2024-06-11 02:27:00.458460,9.707031,12.582031,HEATING,False,255,19.0,19.0,18.9375,49.0,REGULAR,HEATING_UP,HEATING,25.0,29.648489,HEATING_ACTIVE,45.0
2024-06-11 02:28:01.595384,9.707031,12.582031,HEATING,False,255,19.0,19.0,18.9375,49.0,REGULAR,HEATING_UP,HEATING,25.0,29.648489,HEATING_ACTIVE,45.0
2024-06-11 02:29:00.446214,9.707031,12.582031,HEATING,False,255,19.0,19.0,18.9375,49.0,REGULAR,HEATING_UP,HEATING,25.0,29.648489,HEATING_ACTIVE,45.0
2024-06-11 02:30:00.440970,9.855469,12.582031,HEATING,False,255,19.0,19.0,18.9375,49.0,REGULAR,HEATING_UP,HEATING,24.5,29.648489,HEATING_ACTIVE,45.0
2024-06-11 02:31:00.777816,9.855469,12.582031,HEATING,False,255,19.0,19.0,18.9375,49.0,REGULAR,HEATING_UP,HEATING,24.5,29.648489,HEATING_ACTIVE,45.0
2024-06-11 02:32:00.424798,9.855469,12.582031,HEATING,False,255,19.0,19.0,18.9375,49.0,REGULAR,HEATING_UP,HEATING,24.5,29.648489,HEATING_ACTIVE,45.0
2024-06-11 02:33:00.432099,9.855469,12.582031,HEATING,False,255,19.0,19.0,18.9375,49.0,REGULAR,HEATING_UP,HEATING,24.5,29.648489,HEATING_ACTIVE,45.0
2024-06-11 02:34:00.649219,9.855469,12.582031,HEATING,False,255,19.0,19.0,18.9375,49.0,REGULAR,HEATING_UP,HEATING,24.5,29.648489,HEATING_ACTIVE,45.0
2024-06-11 02:35:01.250791,9.855469,12.582031,HEATING,False,255,19.0,19.0,18.9375,49.0,REGULAR,HEATING_UP,HEATING,30.5,29.648489,HEATING_ACTIVE,44.5
2024-06-11 02:36:00.505073,9.855469,12.582031,HEATING,False,255,19.0,19.0,18.9375,49.0,REGULAR,HEATING_UP,HEATING,30.5,29.648489,HEATING_ACTIVE,44.5
2024-06-11 02:37:00.848548,9.855469,12.582031,HEATING,False,255,19.0,19.0,18.9375,49.0,REGULAR,HEATING_UP,HEATING,30.5,29.648489,HEATING_ACTIVE,44.5
2024-06-11 02:38:00.478936,9.855469,12.582031,HEATING,False,255,19.0,19.0,18.9375,49.0,REGULAR,HEATING_UP,HEATING,30.5,29.648489,HEATING_ACTIVE,44.5
2024-06-11 02:39:00.425851,9.855469,12.582031,HEATING,False,255,19.0,19.0,18.9375,49.0,REGULAR,HEATING_UP,HEATING,30.5,29.648489,HEATING_ACTIVE,44.5
2024-06-11 02:40:00.665705,9.707031,12.582031,HEATING,False,255,19.0,19.0,18.9375,49.0,REGULAR,HEATING_UP,HEATING,30.0,29.648489,HEATING_ACTIVE,44.5
2024-06-11 02:41:00.489371,9.707031,12.582031,HEATING,False,255,19.0,19.0,18.9375,49.0,REGULAR,HEATING_UP,HEATING,30.0,29.648489,HEATING_ACTIVE,44.5
2024-06-11 02:42:00.509396,9.707031,12.582031,HEATING,False,255,19.0,19.0,18.9375,49.0,REGULAR,HEATING_UP,HEATING,30.0,29.648489,HEATING_ACTIVE,44.5
2024-06-11 02:43:00.886465,9.707031,12.582031,HEATING,False,255,19.0,19.0,18.9375,49.0,REGULAR,HEATING_UP,HEATING,30.0,29.648489,HEATING_ACTIVE,44.5
2024-06-11 02:44:01.150347,9.707031,12.582031,HEATING,False,255,19.0,19.0,18.9375,49.0,REGULAR,HEATING_UP,HEATING,30.0,29.648489,HEATING_ACTIVE,44.5
2024-06-11 02:45:00.433867,9.707031,12.582031,HEATING,False,255,19.0,19.0,18.9375,49.0,REGULAR,HEATING_UP,HEATING,28.5,29.648489,HEATING_ACTIVE,44.5
2024-06-11 02:46:00.664122,9.707031,12.582031,HEATING,False,255,19.0,19.0,18.9375,49.0,REGULAR,HEATING_UP,HEATING,28.5,29.648489,HEATING_ACTIVE,44.5
2024-06-11 02:47:00.438318,9.707031,12.582031,HEATING,False,255,19.0,19.0,18.9375,49.0,REGULAR,HEATING_UP,HEATING,28.5,29.648489,HEATING_ACTIVE,44.5
2024-06-11 02:48:00.455902,9.707031,12.582031,HEATING,False,255,19.0,19.0,18.9375,49.0,REGULAR,HEATING_UP,HEATING,28.5,29.648489,HEATING_ACTIVE,44.5
2024-06-11 02:49:01.693116,9.707031,12.582031,HEATING,False,255,19.0,19.0,18.9375,49.0,REGULAR,HEATING_UP,HEATING,28.5,29.648489,HEATING_ACTIVE,44.5
2024-06-11 02:50:00.437446,9.707031,12.582031,HEATING,False,255,19.0,19.0,18.9375,49.0,REGULAR,HEATING_UP,HEATING,30.5,29.648489,HEATING_ACTIVE,44.5
2024-06-11 02:51:00.467611,9.707031,12.582031,HEATING,False,255,19.0,19.0,18.9375,49.0,REGULAR,HEATING_UP,HEATING,30.5,29.648489,HEATING_ACTIVE,44.5
2024-06-11 02:52:00.744994,9.707031,12.582031,HEATING,False,255,19.0,19.0,18.9375,49.0,REGULAR,HEATING_UP,HEATING,30.5,29.648489,HEATING_ACTIVE,44.5
2024-06-11 02:53:00.494154,9.707031,12.582031,HEATING,False,255,19.0,19.0,18.9375,49.0,REGULAR,HEATING_UP,HEATING,30.5,29.648489,HEATING_ACTIVE,44.5
2024-06-11 02:54:00.414241,9.707031,12.582031,HEATING,False,255,19.0,19.0,18.9375,49.0,REGULAR,HEATING_UP,HEATING,30.5,29.648489,HEATING_ACTIVE,44.5
2024-06-11 02:55:00.594441,9.707031,12.582031,HEATING,False,255,19.0,19.0,18.9375,49.0,REGULAR,HEATING_UP,HEATING,30.5,29.648489,HEATING_ACTIVE,44.5
2024-06-11 02:56:00.437944,9.707031,12.582031,HEATING,False,255,19.0,19.0,18.9375,49.0,REGULAR,HEATING_UP,HEATING,30.5,29.648489,HEATING_ACTIVE,44.5
2024-06-11 02:57:00.415723,9.707031,12.582031,HEATING,False,255,19.0,19.0,18.9375,49.0,REGULAR,HEATING_UP,HEATING,30.5,29.648489,HEATING_ACTIVE,44.5
2024-06-11 02:58:00.638666,9.707031,12.582031,HEATING,False,255,19.0,19.0,18.9375,49.0,REGULAR,HEATING_UP,HEATING,30.5,29.648489,HEATING_ACTIVE,44.5
2024-06-11 02:59:00.465289,9.707031,12.582031,HEATING,False,255,19.0,19.0,18.9375,49.0,REGULAR,HEATING_UP,HEATING,30.5,29.648489,HEATING_ACTIVE,44.5
2024-06-11 03:00:00.454120,9.566406,12.582031,HEATING,False,255,19.0,19.0,18.9375,49.0,REGULAR,HEATING_UP,HEATING,30.5,29.648489,HEATING_ACTIVE,44.5
2024-06-11 03:01:00.604846,9.566406,12.582031,HEATING,False,255,19.0,19.0,18.9375,49.0,REGULAR,HEATING_UP,HEATING,30.5,29.648489,HEATING_ACTIVE,44.5
2024-06-11 03:02:00.491362,9.566406,12.582031,HEATING,False,255,19.0,19.0,18.9375,49.0,REGULAR,HEATING_UP,HEATING,30.5,29.648489,HEATING_ACTIVE,44.5
2024-06-11 03:03:00.385103,9.566406,12.582031,HEATING,False,255,19.0,19.0,18.9375,49.0,REGULAR,HEATING_UP,HEATING,30.5,29.648489,HEATING_ACTIVE,44.5
2024-06-11 03:04:01.422306,9.566406,12.4296875,HEATING,False,255,19.0,19.0,18.9375,49.0,REGULAR,HEATING_UP,HEATING,30.5,29.653214,HEATING_ACTIVE,44.5
2024-06-11 03:05:00.451110,9.566406,12.4296875,HEATING,False,255,19.0,19.0,18.9375,49.0,REGULAR,HEATING_UP,HEATING,31.0,29.653214,HEATING_ACTIVE,44.5
2024-06-11 03:06:00.430664,9.566406,12.4296875,HEATING,False,255,19.0,19.0,18.9375,49.0,REGULAR,HEATING_UP,HEATING,31.0,29.653214,HEATING_ACTIVE,44.5
2024-06-11 03:07:00.867849,9.566406,12.4296875,HEATING,False,255,19.0,19.0,18.9375,49.0,REGULAR,HEATING_UP,HEATING,31.0,29.653214,HEATING_ACTIVE,44.5
2024-06-11 03:08:00.641078,9.566406,12.4296875,HEATING,False,255,19.0,19.0,18.9375,49.0,REGULAR,HEATING_UP,HEATING,31.0,29.653214,HEATING_ACTIVE,44.5
2024-06-11 03:09:00.443408,9.566406,12.4296875,HEATING,False,255,19.0,19.0,18.9375,49.0,REGULAR,HEATING_UP,HEATING,31.0,29.653214,HEATING_ACTIVE,44.5
2024-06-11 03:10:00.547021,9.4296875,12.4296875,HEATING,False,255,19.0,19.0,18.9375,49.0,REGULAR,HEATING_UP,HEATING,31.0,29.653214,HEATING_ACTIVE,44.5
2024-06-11 03:11:00.458208,9.4296875,12.4296875,HEATING,False,255,19.0,19.0,18.9375,49.0,REGULAR,HEATING_UP,HEATING,31.0,29.653214,HEATING_ACTIVE,44.5
2024-06-11 03:12:00.972487,9.4296875,12.4296875,HEATING,False,255,19.0,19.0,18.9375,49.0,REGULAR,HEATING_UP,HEATING,31.0,29.653214,HEATING_ACTIVE,44.5
2024-06-11 03:13:00.589931,9.4296875,12.4296875,HEATING,False,255,19.0,19.0,18.9375,49.0,REGULAR,HEATING_UP,HEATING,31.0,29.653214,HEATING_ACTIVE,44.5
2024-06-11 03:14:00.486578,9.4296875,12.4296875,HEATING,False,255,19.0,19.0,18.9375,49.0,REGULAR,HEATING_UP,HEATING,31.0,29.653214,HEATING_ACTIVE,44.5
2024-06-11 03:15:00.458647,9.4296875,12.4296875,HEATING,False,255,19.0,19.0,18.9375,48.0,REGULAR,HEATING_UP,HEATING,31.5,29.653214,HEATING_ACTIVE,44.5
2024-06-11 03:16:00.644037,9.4296875,12.4296875,HEATING,False,255,19.0,19.0,18.9375,48.0,REGULAR,HEATING_UP,HEATING,31.5,29.653214,HEATING_ACTIVE,44.5
2024-06-11 03:17:00.392742,9.4296875,12.4296875,HEATING,False,255,19.0,19.0,18.9375,48.0,REGULAR,HEATING_UP,HEATING,31.5,29.653214,HEATING_ACTIVE,44.5
2024-06-11 03:18:00.415353,9.4296875,12.4296875,HEATING,False,255,19.0,19.0,18.9375,48.0,REGULAR,HEATING_UP,HEATING,31.5,29.653214,HEATING_ACTIVE,44.5
2024-06-11 03:19:00.620144,9.4296875,12.4296875,HEATING,False,255,19.0,19.0,18.9375,48.0,REGULAR,HEATING_UP,HEATING,31.5,29.653214,HEATING_ACTIVE,44.5
2024-06-11 03:20:04.760825,9.4296875,12.4296875,HEATING,False,255,19.0,19.0,18.9375,48.0,REGULAR,HEATING_UP,HEATING,31.5,29.653214,HEATING_ACTIVE,44.5
2024-06-11 03:21:00.413364,9.4296875,12.4296875,HEATING,False,255,19.0,19.0,18.9375,48.0,REGULAR,HEATING_UP,HEATING,31.5,29.653214,HEATING_ACTIVE,44.5
2024-06-11 03:22:00.822112,9.4296875,12.4296875,HEATING,False,255,19.0,19.0,18.9375,48.0,REGULAR,HEATING_UP,HEATING,31.5,29.653214,HEATING_ACTIVE,44.5
2024-06-11 03:23:00.402385,9.4296875,12.4296875,HEATING,False,255,19.0,19.0,18.9375,48.0,REGULAR,HEATING_UP,HEATING,31.5,29.653214,HEATING_ACTIVE,44.5
2024-06-11 03:24:00.448529,9.4296875,12.4296875,HEATING,False,255,19.0,19.0,18.9375,48.0,REGULAR,HEATING_UP,HEATING,31.5,29.653214,HEATING_ACTIVE,44.5
2024-06-11 03:25:02.234060,9.2890625,12.4296875,HEATING,False,255,19.0,19.0,18.9375,49.0,REGULAR,HEATING_UP,HEATING,28.5,29.653214,HEATING_ACTIVE,44.5
2024-06-11 03:26:00.455494,9.2890625,12.4296875,HEATING,False,255,19.0,19.0,18.9375,49.0,REGULAR,HEATING_UP,HEATING,28.5,29.653214,HEATING_ACTIVE,44.5
2024-06-11 03:27:00.500287,9.2890625,12.4296875,HEATING,False,255,19.0,19.0,18.9375,49.0,REGULAR,HEATING_UP,HEATING,28.5,29.653214,HEATING_ACTIVE,44.5
2024-06-11 03:28:00.921814,9.2890625,12.4296875,HEATING,False,255,19.0,19.0,18.9375,49.0,REGULAR,HEATING_UP,HEATING,28.5,29.653214,HEATING_ACTIVE,44.5
2024-06-11 03:29:00.390386,9.2890625,12.4296875,HEATING,False,255,19.0,19.0,18.9375,49.0,REGULAR,HEATING_UP,HEATING,28.5,29.653214,HEATING_ACTIVE,44.5
2024-06-11 03:30:00.427926,9.2890625,12.4296875,HEATING,False,255,19.0,19.0,18.9375,49.0,REGULAR,HEATING_UP,HEATING,27.0,29.653214,HEATING_ACTIVE,44.0
2024-06-11 03:31:00.557501,9.2890625,12.4296875,HEATING,False,255,19.0,19.0,18.9375,49.0,REGULAR,HEATING_UP,HEATING,27.0,29.653214,HEATING_ACTIVE,44.0
2024-06-11 03:32:01.327199,9.2890625,12.4296875,HEATING,False,255,19.0,19.0,18.9375,49.0,REGULAR,HEATING_UP,HEATING,27.0,29.653214,HEATING_ACTIVE,44.0
2024-06-11 03:33:00.514587,9.2890625,12.4296875,HEATING,False,255,19.0,19.0,18.9375,49.0,REGULAR,HEATING_UP,HEATING,27.0,29.653214,HEATING_ACTIVE,44.0
2024-06-11 03:34:00.665566,9.2890625,12.4296875,HEATING,False,255,19.0,19.0,18.9375,49.0,REGULAR,HEATING_UP,HEATING,27.0,29.653214,HEATING_ACTIVE,44.0
2024-06-11 03:35:00.683830,9.2890625,12.4296875,HEATING,False,255,19.0,19.0,18.9375,49.0,REGULAR,HEATING_UP,HEATING,27.0,29.653214,HEATING_ACTIVE,44.0
2024-06-11 03:36:01.155969,9.2890625,12.4296875,HEATING,False,255,19.0,19.0,18.9375,48.0,REGULAR,HEATING_UP,HEATING,26.0,29.653214,HEATING_ACTIVE,44.0
2024-06-11 03:37:00.721445,9.2890625,12.4296875,HEATING,False,255,19.0,19.0,18.9375,48.0,REGULAR,HEATING_UP,HEATING,26.0,29.653214,HEATING_ACTIVE,44.0
2024-06-11 03:38:00.664016,9.2890625,12.4296875,HEATING,False,255,19.0,19.0,18.9375,48.0,REGULAR,HEATING_UP,HEATING,26.0,29.653214,HEATING_ACTIVE,44.0
2024-06-11 03:39:00.399064,9.2890625,12.4296875,HEATING,False,255,19.0,19.0,18.9375,48.0,REGULAR,HEATING_UP,HEATING,26.0,29.653214,HEATING_ACTIVE,44.0
2024-06-11 03:40:00.748471,9.2890625,12.4296875,HEATING,False,255,19.0,19.0,18.9375,48.0,REGULAR,HEATING_UP,HEATING,26.0,29.653214,HEATING_ACTIVE,44.0
2024-06-11 03:41:00.526626,9.0,12.4296875,HEATING,False,255,19.0,19.0,18.9375,49.0,REGULAR,HEATING_UP,HEATING,25.5,29.653214,HEATING_ACTIVE,44.0
2024-06-11 03:42:00.547727,9.0,12.4296875,HEATING,False,255,19.0,19.0,18.9375,49.0,REGULAR,HEATING_UP,HEATING,25.5,29.653214,HEATING_ACTIVE,44.0
2024-06-11 03:43:00.675116,9.0,12.4296875,HEATING,False,255,19.0,19.0,18.9375,49.0,REGULAR,HEATING_UP,HEATING,25.5,29.653214,HEATING_ACTIVE,44.0
2024-06-11 03:44:00.478907,9.0,12.4296875,HEATING,False,255,19.0,19.0,18.9375,49.0,REGULAR,HEATING_UP,HEATING,25.5,29.653214,HEATING_ACTIVE,44.0
2024-06-11 03:45:01.787657,9.0,12.4296875,HEATING,False,255,19.0,19.0,18.9375,49.0,REGULAR,HEATING_UP,HEATING,25.5,29.653214,HEATING_ACTIVE,44.0
2024-06-11 03:46:00.690803,9.0,12.4296875,HEATING,False,255,19.0,19.0,18.9375,48.0,REGULAR,HEATING_UP,HEATING,24.5,29.653214,HEATING_ACTIVE,44.0
2024-06-11 03:47:00.433781,9.0,12.4296875,HEATING,False,255,19.0,19.0,18.9375,48.0,REGULAR,HEATING_UP,HEATING,24.5,29.653214,HEATING_ACTIVE,44.0
2024-06-11 03:48:00.431550,9.0,12.4296875,HEATING,False,255,19.0,19.0,18.9375,48.0,REGULAR,HEATING_UP,HEATING,24.5,29.653214,HEATING_ACTIVE,44.0
2024-06-11 03:49:00.540046,9.0,12.4296875,HEATING,False,255,19.0,19.0,18.9375,48.0,REGULAR,HEATING_UP,HEATING,24.5,29.653214,HEATING_ACTIVE,44.0
2024-06-11 03:50:00.414642,9.0,12.4296875,HEATING,False,255,19.0,19.0,18.9375,48.0,REGULAR,HEATING_UP,HEATING,24.5,29.653214,HEATING_ACTIVE,44.0
2024-06-11 03:51:00.409047,9.0,12.4296875,HEATING,False,255,19.0,19.0,18.9375,48.0,REGULAR,HEATING_UP,HEATING,30.5,29.653214,HEATING_ACTIVE,44.0
2024-06-11 03:52:00.746190,9.0,12.4296875,HEATING,False,255,19.0,19.0,18.9375,48.0,REGULAR,HEATING_UP,HEATING,30.5,29.653214,HEATING_ACTIVE,44.0
2024-06-11 03:53:00.401525,9.0,12.4296875,HEATING,False,255,19.0,19.0,18.9375,48.0,REGULAR,HEATING_UP,HEATING,30.5,29.653214,HEATING_ACTIVE,44.0
2024-06-11 03:54:00.730727,9.0,12.4296875,HEATING,False,255,19.0,19.0,18.9375,48.0,REGULAR,HEATING_UP,HEATING,30.5,29.653214,HEATING_ACTIVE,44.0
2024-06-11 03:55:00.682088,9.0,12.4296875,HEATING,False,255,19.0,19.0,18.9375,48.0,REGULAR,HEATING_UP,HEATING,30.5,29.653214,HEATING_ACTIVE,44.0
2024-06-11 03:56:00.445812,8.824219,12.4296875,HEATING,False,255,19.0,19.0,18.9375,48.0,REGULAR,HEATING_UP,HEATING,30.5,29.653214,HEATING_ACTIVE,44.0
2024-06-11 03:57:00.426710,8.824219,12.4296875,HEATING,False,255,19.0,19.0,18.9375,48.0,REGULAR,HEATING_UP,HEATING,30.5,29.653214,HEATING_ACTIVE,44.0
2024-06-11 03:58:00.620293,8.824219,12.4296875,HEATING,False,255,19.0,19.0,18.9375,48.0,REGULAR,HEATING_UP,HEATING,30.5,29.653214,HEATING_ACTIVE,44.0
2024-06-11 03:59:00.449762,8.824219,12.4296875,HEATING,False,255,19.0,19.0,18.9375,48.0,REGULAR,HEATING_UP,HEATING,30.5,29.653214,HEATING_ACTIVE,44.0
2024-06-11 04:00:00.680181,8.824219,12.4296875,HEATING,False,255,19.0,19.0,18.9375,48.0,REGULAR,HEATING_UP,HEATING,30.5,29.653214,HEATING_ACTIVE,44.0
2024-06-11 04:01:00.561101,8.824219,12.4296875,HEATING,False,255,19.0,19.0,18.9375,48.0,REGULAR,HEATING_UP,HEATING,28.5,29.653214,HEATING_ACTIVE,44.0
2024-06-11 04:02:00.422834,8.824219,12.4296875,HEATING,False,255,19.0,19.0,18.9375,48.0,REGULAR,HEATING_UP,HEATING,28.5,29.653214,HEATING_ACTIVE,44.0
2024-06-11 04:03:00.431923,8.824219,12.4296875,HEATING,False,255,19.0,19.0,18.9375,48.0,REGULAR,HEATING_UP,HEATING,28.5,29.653214,HEATING_ACTIVE,44.0
2024-06-11 04:04:01.903587,8.824219,12.2734375,HEATING,False,255,19.0,19.0,18.9375,48.0,REGULAR,HEATING_UP,HEATING,28.5,30.28586,HEATING_ACTIVE,44.0
2024-06-11 04:05:00.416206,8.824219,12.2734375,HEATING,False,255,19.0,19.0,18.9375,48.0,REGULAR,HEATING_UP,HEATING,28.5,30.28586,HEATING_ACTIVE,44.0
2024-06-11 04:06:00.468553,8.824219,12.2734375,HEATING,False,255,19.0,19.0,18.9375,49.0,REGULAR,HEATING_UP,HEATING,31.0,30.28586,HEATING_ACTIVE,44.0
2024-06-11 04:07:00.629129,8.824219,12.2734375,HEATING,False,255,19.0,19.0,18.9375,49.0,REGULAR,HEATING_UP,HEATING,31.0,30.28586,HEATING_ACTIVE,44.0
2024-06-11 04:08:01.161755,8.824219,12.2734375,HEATING,False,255,19.0,19.0,18.9375,49.0,REGULAR,HEATING_UP,HEATING,31.0,30.28586,HEATING_ACTIVE,44.0
2024-06-11 04:09:00.423453,8.824219,12.2734375,HEATING,False,255,19.0,19.0,18.9375,49.0,REGULAR,HEATING_UP,HEATING,31.0,30.28586,HEATING_ACTIVE,44.0
2024-06-11 04:10:00.671378,8.824219,12.2734375,HEATING,False,255,19.0,19.0,18.9375,49.0,REGULAR,HEATING_UP,HEATING,31.0,30.28586,HEATING_ACTIVE,44.0
2024-06-11 04:11:00.562233,8.824219,12.2734375,HEATING,False,255,19.0,19.0,18.9375,48.0,REGULAR,HEATING_UP,HEATING,30.5,30.28586,HEATING_ACTIVE,43.5
2024-06-11 04:12:01.350832,8.824219,12.2734375,HEATING,False,255,19.0,19.0,18.9375,48.0,REGULAR,HEATING_UP,HEATING,30.5,30.28586,HEATING_ACTIVE,43.5
2024-06-11 04:13:00.639316,8.824219,12.2734375,HEATING,False,255,19.0,19.0,18.9375,48.0,REGULAR,HEATING_UP,HEATING,30.5,30.28586,HEATING_ACTIVE,43.5
2024-06-11 04:14:00.426129,8.824219,12.2734375,HEATING,False,255,19.0,19.0,18.9375,48.0,REGULAR,HEATING_UP,HEATING,30.5,30.28586,HEATING_ACTIVE,43.5
2024-06-11 04:15:01.047662,8.824219,12.2734375,HEATING,False,255,19.0,19.0,18.9375,48.0,REGULAR,HEATING_UP,HEATING,30.5,30.28586,HEATING_ACTIVE,43.5
2024-06-11 04:16:00.951370,8.824219,12.2734375,HEATING,False,255,19.0,19.0,18.9375,48.0,REGULAR,HEATING_UP,HEATING,31.0,30.28586,HEATING_ACTIVE,43.5
2024-06-11 04:17:00.399691,8.824219,12.2734375,HEATING,False,255,19.0,19.0,18.9375,48.0,REGULAR,HEATING_UP,HEATING,31.0,30.28586,HEATING_ACTIVE,43.5
2024-06-11 04:18:00.938349,8.824219,12.2734375,HEATING,False,255,19.0,19.0,18.9375,48.0,REGULAR,HEATING_UP,HEATING,31.0,30.28586,HEATING_ACTIVE,43.5
2024-06-11 04:19:00.847904,8.824219,12.2734375,HEATING,False,255,19.0,19.0,18.9375,48.0,REGULAR,HEATING_UP,HEATING,31.0,30.28586,HEATING_ACTIVE,43.5
2024-06-11 04:20:00.419236,8.824219,12.2734375,HEATING,False,255,19.0,19.0,18.9375,48.0,REGULAR,HEATING_UP,HEATING,31.0,30.28586,HEATING_ACTIVE,43.5
2024-06-11 04:21:00.389031,8.824219,12.2734375,HEATING,False,255,19.0,19.0,18.9375,48.0,REGULAR,HEATING_UP,HEATING,31.0,30.28586,HEATING_ACTIVE,43.5
2024-06-11 04:22:00.698339,8.824219,12.2734375,HEATING,False,255,19.0,19.0,18.9375,48.0,REGULAR,HEATING_UP,HEATING,31.0,30.28586,HEATING_ACTIVE,43.5
2024-06-11 04:23:00.574878,8.824219,12.2734375,HEATING,False,255,19.0,19.0,18.9375,48.0,REGULAR,HEATING_UP,HEATING,31.0,30.28586,HEATING_ACTIVE,43.5
2024-06-11 04:24:01.637705,8.824219,12.2734375,HEATING,False,255,19.0,19.0,18.9375,48.0,REGULAR,HEATING_UP,HEATING,31.0,30.28586,HEATING_ACTIVE,43.5
2024-06-11 04:25:00.795462,8.824219,12.2734375,HEATING,False,255,19.0,19.0,18.9375,48.0,REGULAR,HEATING_UP,HEATING,31.0,30.28586,HEATING_ACTIVE,43.5
2024-06-11 04:26:00.427806,8.667969,12.2734375,HEATING,False,255,19.0,19.0,18.9375,48.0,REGULAR,HEATING_UP,HEATING,31.5,30.28586,HEATING_ACTIVE,43.5
2024-06-11 04:27:00.400265,8.667969,12.2734375,HEATING,False,255,19.0,19.0,18.9375,48.0,REGULAR,HEATING_UP,HEATING,31.5,30.28586,HEATING_ACTIVE,43.5
2024-06-11 04:28:00.621979,8.667969,12.2734375,HEATING,False,255,19.0,19.0,18.9375,48.0,REGULAR,HEATING_UP,HEATING,31.5,30.28586,HEATING_ACTIVE,43.5
2024-06-11 04:29:00.419581,8.667969,12.2734375,HEATING,False,255,19.0,19.0,18.9375,48.0,REGULAR,HEATING_UP,HEATING,31.5,30.28586,HEATING_ACTIVE,43.5
2024-06-11 04:30:07.676637,8.667969,12.2734375,HEATING,False,255,19.0,19.0,18.9375,48.0,REGULAR,HEATING_UP,HEATING,31.5,30.28586,HEATING_ACTIVE,43.5
2024-06-11 04:31:00.613475,8.667969,12.2734375,HEATING,False,255,19.0,19.0,18.9375,48.0,REGULAR,HEATING_UP,HEATING,31.5,30.28586,HEATING_ACTIVE,43.5
2024-06-11 04:32:01.708081,8.667969,12.2734375,HEATING,False,255,19.0,19.0,18.9375,48.0,REGULAR,HEATING_UP,HEATING,31.5,30.28586,HEATING_ACTIVE,43.5
2024-06-11 04:33:00.371111,8.667969,12.2734375,HEATING,False,255,19.0,19.0,18.9375,48.0,REGULAR,HEATING_UP,HEATING,31.5,30.28586,HEATING_ACTIVE,43.5
2024-06-11 04:34:00.582979,8.667969,12.2734375,HEATING,False,255,19.0,19.0,18.9375,48.0,REGULAR,HEATING_UP,HEATING,31.5,30.28586,HEATING_ACTIVE,43.5
2024-06-11 04:35:00.407616,8.667969,12.2734375,HEATING,False,255,19.0,19.0,18.9375,48.0,REGULAR,HEATING_UP,HEATING,31.5,30.28586,HEATING_ACTIVE,43.5
2024-06-11 04:36:00.420775,8.667969,12.2734375,HEATING,False,255,19.0,19.0,18.9375,48.0,REGULAR,HEATING_UP,HEATING,31.5,30.28586,HEATING_ACTIVE,43.5
2024-06-11 04:37:00.598963,8.667969,12.2734375,HEATING,False,255,19.0,19.0,18.9375,48.0,REGULAR,HEATING_UP,HEATING,31.5,30.28586,HEATING_ACTIVE,43.5
2024-06-11 04:38:00.683607,8.667969,12.2734375,HEATING,False,255,19.0,19.0,18.9375,48.0,REGULAR,HEATING_UP,HEATING,31.5,30.28586,HEATING_ACTIVE,43.5
2024-06-11 04:39:00.390679,8.667969,12.2734375,HEATING,False,255,19.0,19.0,18.9375,48.0,REGULAR,HEATING_UP,HEATING,31.5,30.28586,HEATING_ACTIVE,43.5
2024-06-11 04:40:01.174253,8.667969,12.2734375,HEATING,False,255,19.0,19.0,18.9375,48.0,REGULAR,HEATING_UP,HEATING,31.5,30.28586,HEATING_ACTIVE,43.5
2024-06-11 04:41:00.496531,8.5,12.2734375,HEATING,False,255,19.0,19.0,18.9375,48.0,REGULAR,HEATING_UP,HEATING,31.5,30.28586,HEATING_ACTIVE,43.5
2024-06-11 04:42:00.671898,8.5,12.2734375,HEATING,False,255,19.0,19.0,18.9375,48.0,REGULAR,HEATING_UP,HEATING,31.5,30.28586,HEATING_ACTIVE,43.5
2024-06-11 04:44:00.620807,8.5,12.2734375,HEATING,False,255,19.0,19.0,18.9375,48.0,REGULAR,HEATING_UP,HEATING,31.5,30.28586,HEATING_ACTIVE,43.5
2024-06-11 04:45:00.385675,8.5,12.2734375,HEATING,False,255,19.0,19.0,18.9375,48.0,REGULAR,HEATING_UP,HEATING,31.5,30.28586,HEATING_ACTIVE,43.5
2024-06-11 04:46:01.115519,8.5,12.2734375,HEATING,False,255,19.0,19.0,18.9375,48.0,REGULAR,HEATING_UP,HEATING,31.5,30.28586,HEATING_ACTIVE,43.5
2024-06-11 04:47:00.683127,8.5,12.2734375,HEATING,False,255,19.0,19.0,18.9375,48.0,REGULAR,HEATING_UP,HEATING,32.0,30.28586,HEATING_ACTIVE,43.5
2024-06-11 04:48:00.494608,8.5,12.2734375,HEATING,False,255,19.0,19.0,18.9375,48.0,REGULAR,HEATING_UP,HEATING,32.0,30.28586,HEATING_ACTIVE,43.5
2024-06-11 04:49:00.402148,8.5,12.2734375,HEATING,False,255,19.0,19.0,18.9375,48.0,REGULAR,HEATING_UP,HEATING,32.0,30.28586,HEATING_ACTIVE,43.5
2024-06-11 04:50:00.641941,8.5,12.2734375,HEATING,False,255,19.0,19.0,18.9375,48.0,REGULAR,HEATING_UP,HEATING,32.0,30.28586,HEATING_ACTIVE,43.5
2024-06-11 04:52:00.571368,8.5,12.2734375,HEATING,False,255,19.0,19.0,18.9375,48.0,REGULAR,HEATING_UP,HEATING,28.5,30.28586,HEATING_ACTIVE,43.0
2024-06-11 04:53:00.660970,8.5,12.2734375,HEATING,False,255,19.0,19.0,18.9375,48.0,REGULAR,HEATING_UP,HEATING,28.5,30.28586,HEATING_ACTIVE,43.0
2024-06-11 04:54:00.730784,8.5,12.2734375,HEATING,False,255,19.0,19.0,18.9375,48.0,REGULAR,HEATING_UP,HEATING,28.5,30.28586,HEATING_ACTIVE,43.0
2024-06-11 04:55:00.706165,8.5,12.2734375,HEATING,False,255,19.0,19.0,18.9375,48.0,REGULAR,HEATING_UP,HEATING,28.5,30.28586,HEATING_ACTIVE,43.0
2024-06-11 04:56:00.616092,8.5,12.2734375,HEATING,False,255,19.0,19.0,18.9375,48.0,REGULAR,HEATING_UP,HEATING,28.5,30.28586,HEATING_ACTIVE,43.0
2024-06-11 04:57:00.432734,8.5,12.2734375,HEATING,False,255,19.0,19.0,18.9375,48.0,REGULAR,HEATING_UP,HEATING,27.0,30.28586,HEATING_ACTIVE,43.0
2024-06-11 04:58:00.396814,8.5,12.121094,HEATING,False,255,19.0,19.0,18.9375,48.0,REGULAR,HEATING_UP,HEATING,27.0,30.558994,HEATING_ACTIVE,43.0
2024-06-11 04:59:00.563024,8.5,12.121094,HEATING,False,255,19.0,19.0,18.9375,48.0,REGULAR,HEATING_UP,HEATING,27.0,30.558994,HEATING_ACTIVE,43.0
2024-06-11 05:00:00.829442,8.5,12.121094,HEATING,False,255,19.0,19.0,18.9375,48.0,REGULAR,HEATING_UP,HEATING,27.0,30.558994,HEATING_ACTIVE,43.0
2024-06-11 05:01:01.336485,8.5,12.121094,HEATING,False,255,19.0,19.0,18.9375,48.0,REGULAR,HEATING_UP,HEATING,27.0,30.558994,HEATING_ACTIVE,43.0
2024-06-11 05:02:00.625472,8.5,12.121094,HEATING,False,255,19.0,19.0,18.9375,48.0,REGULAR,HEATING_UP,HEATING,26.5,30.558994,HEATING_ACTIVE,43.0
2024-06-11 05:03:00.417051,8.5,12.121094,HEATING,False,255,19.0,19.0,18.9375,48.0,REGULAR,HEATING_UP,HEATING,26.5,30.558994,HEATING_ACTIVE,43.0
2024-06-11 05:04:00.940024,8.5,12.121094,HEATING,False,255,19.0,19.0,18.9375,48.0,REGULAR,HEATING_UP,HEATING,26.5,30.558994,HEATING_ACTIVE,43.0
2024-06-11 05:05:01.419001,8.5,12.121094,HEATING,False,255,19.0,19.0,18.9375,48.0,REGULAR,HEATING_UP,HEATING,26.5,30.558994,HEATING_ACTIVE,43.0
2024-06-11 05:06:00.788242,8.5,12.121094,HEATING,False,255,19.0,19.0,18.9375,48.0,REGULAR,HEATING_UP,HEATING,26.5,30.558994,HEATING_ACTIVE,43.0
2024-06-11 05:07:00.525316,8.5,12.121094,HEATING,False,255,19.0,19.0,18.9375,48.0,REGULAR,HEATING_UP,HEATING,25.5,30.558994,HEATING_ACTIVE,43.0
2024-06-11 05:08:00.636909,8.5,12.121094,HEATING,False,255,19.0,19.0,18.9375,48.0,REGULAR,HEATING_UP,HEATING,25.5,30.558994,HEATING_ACTIVE,43.0
2024-06-11 05:09:00.460552,8.5,12.121094,HEATING,False,255,19.0,19.0,18.9375,48.0,REGULAR,HEATING_UP,HEATING,25.5,30.558994,HEATING_ACTIVE,43.0
2024-06-11 05:10:01.603316,8.5,12.121094,HEATING,False,255,19.0,19.0,18.9375,48.0,REGULAR,HEATING_UP,HEATING,25.5,30.558994,HEATING_ACTIVE,43.0
2024-06-11 05:11:00.605590,8.5,12.121094,HEATING,False,255,19.0,19.0,18.9375,48.0,REGULAR,HEATING_UP,HEATING,25.5,30.558994,HEATING_ACTIVE,43.0
2024-06-11 05:12:00.518244,8.5,12.121094,HEATING,False,255,19.0,19.0,18.9375,48.0,REGULAR,HEATING_UP,HEATING,30.5,30.558994,HEATING_ACTIVE,43.0
2024-06-11 05:13:00.590351,8.5,12.121094,HEATING,False,255,19.0,19.0,18.9375,48.0,REGULAR,HEATING_UP,HEATING,30.5,30.558994,HEATING_ACTIVE,43.0
2024-06-11 05:14:01.334171,8.5,12.121094,HEATING,False,255,19.0,19.0,18.9375,48.0,REGULAR,HEATING_UP,HEATING,30.5,30.558994,HEATING_ACTIVE,43.0
2024-06-11 05:15:00.416491,8.5,12.121094,HEATING,False,255,19.0,19.0,18.9375,48.0,REGULAR,HEATING_UP,HEATING,30.5,30.558994,HEATING_ACTIVE,43.0
2024-06-11 05:16:00.465805,8.5,12.121094,HEATING,False,255,19.0,19.0,18.9375,48.0,REGULAR,HEATING_UP,HEATING,30.5,30.558994,HEATING_ACTIVE,43.0
2024-06-11 05:17:00.713450,8.5,12.121094,HEATING,False,255,19.0,19.0,18.9375,48.0,REGULAR,HEATING_UP,HEATING,31.0,30.558994,HEATING_ACTIVE,43.0
2024-06-11 05:18:00.438965,8.5,12.121094,HEATING,False,255,19.0,19.0,18.9375,48.0,REGULAR,HEATING_UP,HEATING,31.0,30.558994,HEATING_ACTIVE,43.0
2024-06-11 05:19:00.703930,8.5,12.121094,HEATING,False,255,19.0,19.0,18.9375,48.0,REGULAR,HEATING_UP,HEATING,31.0,30.558994,HEATING_ACTIVE,43.0
2024-06-11 05:20:00.883356,8.5,12.121094,HEATING,False,255,19.0,19.0,18.9375,48.0,REGULAR,HEATING_UP,HEATING,31.0,30.558994,HEATING_ACTIVE,43.0
2024-06-11 05:21:00.455537,8.5,12.121094,HEATING,False,255,19.0,19.0,18.9375,48.0,REGULAR,HEATING_UP,HEATING,31.0,30.558994,HEATING_ACTIVE,43.0
2024-06-11 05:22:00.562586,8.5,12.121094,HEATING,False,255,19.0,19.0,18.9375,48.0,REGULAR,HEATING_UP,HEATING,30.0,30.558994,HEATING_ACTIVE,43.0
2024-06-11 05:23:00.728335,8.5,12.121094,HEATING,False,255,19.0,19.0,18.9375,48.0,REGULAR,HEATING_UP,HEATING,30.0,30.558994,HEATING_ACTIVE,43.0
2024-06-11 05:24:00.402799,8.5,12.121094,HEATING,False,255,19.0,19.0,18.9375,48.0,REGULAR,HEATING_UP,HEATING,30.0,30.558994,HEATING_ACTIVE,43.0
2024-06-11 05:25:00.611497,8.5,12.121094,DHW,False,255,19.0,19.0,18.9375,48.0,REGULAR,HEATING_UP,STANDBY,30.0,30.558994,HEATING_STANDBY,43.0
2024-06-11 05:26:00.635643,8.5,12.121094,DHW,False,255,19.0,19.0,18.9375,48.0,REGULAR,HEATING_UP,STANDBY,30.0,30.558994,HEATING_STANDBY,43.0
2024-06-11 05:27:00.462418,8.5,12.121094,DHW,False,255,19.0,19.0,18.9375,48.0,REGULAR,HEATING_UP,STANDBY,36.5,30.558994,HEATING_STANDBY,42.5
2024-06-11 05:28:00.459645,8.5,12.121094,DHW,False,255,19.0,19.0,18.9375,48.0,REGULAR,HEATING_UP,STANDBY,36.5,30.558994,HEATING_STANDBY,42.5
2024-06-11 05:29:00.694331,8.5,12.121094,DHW,False,255,19.0,19.0,18.9375,48.0,REGULAR,HEATING_UP,STANDBY,36.5,30.558994,HEATING_STANDBY,42.5
2024-06-11 05:30:07.614404,8.5,12.121094,DHW,False,255,19.0,19.0,18.9375,48.0,REGULAR,HEATING_UP,STANDBY,36.5,30.558994,HEATING_STANDBY,42.5
2024-06-11 05:31:00.466182,8.5,12.121094,DHW,False,255,19.0,19.0,18.9375,48.0,REGULAR,HEATING_UP,STANDBY,36.5,30.558994,HEATING_STANDBY,42.5
2024-06-11 05:32:00.518525,8.5,12.121094,DHW,False,255,19.0,19.0,18.9375,48.0,REGULAR,HEATING_UP,STANDBY,51.5,30.558994,HEATING_STANDBY,42.0
2024-06-11 05:33:01.314159,8.5,12.121094,DHW,False,255,19.0,19.0,18.9375,48.0,REGULAR,HEATING_UP,STANDBY,51.5,30.558994,HEATING_STANDBY,42.0
2024-06-11 05:34:00.819692,8.5,12.121094,DHW,False,255,19.0,19.0,18.9375,48.0,REGULAR,HEATING_UP,STANDBY,51.5,30.558994,HEATING_STANDBY,42.0
2024-06-11 05:35:06.438980,8.5,12.121094,DHW,False,255,19.0,19.0,18.9375,48.0,REGULAR,HEATING_UP,STANDBY,51.5,30.558994,HEATING_STANDBY,42.0
2024-06-11 05:36:00.590947,8.5,12.121094,DHW,False,255,19.0,19.0,18.9375,48.0,REGULAR,HEATING_UP,STANDBY,51.5,30.558994,HEATING_STANDBY,42.0
2024-06-11 05:37:00.513055,8.5,12.121094,DHW,False,255,19.0,19.0,18.9375,48.0,REGULAR,HEATING_UP,STANDBY,52.5,30.558994,HEATING_STANDBY,44.0
2024-06-11 05:38:00.718891,8.5,12.121094,DHW,False,255,19.0,19.0,18.9375,48.0,REGULAR,HEATING_UP,STANDBY,52.5,30.558994,HEATING_STANDBY,44.0
2024-06-11 05:39:00.389835,8.5,12.121094,DHW,False,255,19.0,19.0,18.9375,48.0,REGULAR,HEATING_UP,STANDBY,52.5,30.558994,HEATING_STANDBY,44.0
2024-06-11 05:40:03.281276,8.5,12.121094,DHW,False,255,19.0,19.0,18.9375,48.0,REGULAR,HEATING_UP,STANDBY,52.5,30.558994,HEATING_STANDBY,44.0
2024-06-11 05:41:00.575281,8.5,12.121094,DHW,False,255,19.0,19.0,18.9375,48.0,REGULAR,HEATING_UP,STANDBY,52.5,30.558994,HEATING_STANDBY,44.0
2024-06-11 05:42:01.071884,8.5,12.121094,HEATING,False,255,19.0,19.0,18.9375,48.0,REGULAR,HEATING_UP,HEATING,36.0,30.558994,HEATING_ACTIVE,46.5
2024-06-11 05:43:00.769187,8.5,12.121094,HEATING,False,255,19.0,19.0,18.9375,48.0,REGULAR,HEATING_UP,HEATING,36.0,30.558994,HEATING_ACTIVE,46.5
2024-06-11 05:44:00.743335,8.5,12.121094,HEATING,False,255,19.0,19.0,18.9375,48.0,REGULAR,HEATING_UP,HEATING,36.0,30.558994,HEATING_ACTIVE,46.5
2024-06-11 05:45:00.823226,8.5,12.121094,HEATING,False,255,19.0,19.0,18.9375,48.0,REGULAR,HEATING_UP,HEATING,36.0,30.558994,HEATING_ACTIVE,46.5
2024-06-11 05:46:00.509594,8.5,12.121094,HEATING,False,255,19.0,19.0,18.9375,48.0,REGULAR,HEATING_UP,HEATING,36.0,30.558994,HEATING_ACTIVE,46.5
2024-06-11 05:47:00.625367,8.5,12.121094,HEATING,False,255,19.0,19.0,18.9375,48.0,REGULAR,HEATING_UP,HEATING,30.5,30.558994,HEATING_ACTIVE,46.5
2024-06-11 05:48:00.594364,8.5,12.121094,HEATING,False,255,19.0,19.0,18.9375,48.0,REGULAR,HEATING_UP,HEATING,30.5,30.558994,HEATING_ACTIVE,46.5
2024-06-11 05:49:00.498914,8.5,12.121094,HEATING,False,255,19.0,19.0,18.9375,48.0,REGULAR,HEATING_UP,HEATING,30.5,30.558994,HEATING_ACTIVE,46.5
2024-06-11 05:50:00.602381,8.5,12.121094,HEATING,False,255,19.0,19.0,18.9375,48.0,REGULAR,HEATING_UP,HEATING,30.5,30.558994,HEATING_ACTIVE,46.5
2024-06-11 05:51:00.401622,8.5,12.121094,HEATING,False,255,19.0,19.0,18.9375,48.0,REGULAR,HEATING_UP,HEATING,30.5,30.558994,HEATING_ACTIVE,46.5
2024-06-11 05:52:00.811292,8.5,12.121094,HEATING,False,255,19.0,19.0,18.9375,48.0,REGULAR,HEATING_UP,HEATING,31.0,30.558994,HEATING_ACTIVE,46.5
2024-06-11 05:53:00.955335,8.5,12.121094,HEATING,False,255,19.0,19.0,18.9375,48.0,REGULAR,HEATING_UP,HEATING,31.0,30.558994,HEATING_ACTIVE,46.5
2024-06-11 05:54:00.779428,8.5,12.121094,HEATING,False,255,19.0,19.0,18.9375,48.0,REGULAR,HEATING_UP,HEATING,31.0,30.558994,HEATING_ACTIVE,46.5
2024-06-11 05:55:00.446795,8.5,12.121094,HEATING,False,255,19.0,19.0,18.9375,48.0,REGULAR,HEATING_UP,HEATING,31.0,30.558994,HEATING_ACTIVE,46.5
2024-06-11 05:56:00.537662,8.5,12.121094,HEATING,False,255,19.0,19.0,18.9375,48.0,REGULAR,HEATING_UP,HEATING,31.0,30.558994,HEATING_ACTIVE,46.5
2024-06-11 05:57:00.441813,8.5,12.121094,HEATING,False,255,19.0,19.0,18.9375,48.0,REGULAR,HEATING_UP,HEATING,31.0,30.558994,HEATING_ACTIVE,46.5
2024-06-11 05:58:00.565861,8.667969,12.121094,HEATING,False,255,19.0,19.0,18.9375,48.0,REGULAR,HEATING_UP,HEATING,31.0,30.558994,HEATING_ACTIVE,46.5
2024-06-11 05:59:00.808384,8.667969,12.121094,HEATING,False,255,19.0,19.0,18.9375,48.0,REGULAR,HEATING_UP,HEATING,31.0,30.558994,HEATING_ACTIVE,46.5
2024-06-11 06:00:00.733294,8.667969,12.121094,HEATING,False,255,19.0,19.0,18.9375,48.0,REGULAR,HEATING_UP,HEATING,31.0,30.558994,HEATING_ACTIVE,46.5
2024-06-11 06:01:00.443861,8.667969,12.121094,HEATING,False,255,19.0,19.0,18.9375,48.0,REGULAR,HEATING_UP,HEATING,31.0,30.558994,HEATING_ACTIVE,46.5
2024-06-11 06:02:00.960202,8.667969,12.121094,HEATING,False,255,19.0,19.0,18.9375,48.0,REGULAR,HEATING_UP,HEATING,31.0,30.558994,HEATING_ACTIVE,46.5
2024-06-11 06:03:00.467290,8.667969,12.121094,HEATING,False,255,19.0,19.0,18.9375,48.0,REGULAR,HEATING_UP,HEATING,31.5,30.558994,HEATING_ACTIVE,46.5
2024-06-11 06:04:02.889980,8.667969,11.9609375,HEATING,False,255,19.0,19.0,18.9375,48.0,REGULAR,HEATING_UP,HEATING,31.5,30.417728,HEATING_ACTIVE,46.5
2024-06-11 06:05:01.901249,8.667969,11.9609375,HEATING,False,255,19.0,19.0,18.9375,48.0,REGULAR,HEATING_UP,HEATING,31.5,30.417728,HEATING_ACTIVE,46.5
2024-06-11 06:06:00.431022,8.667969,11.9609375,HEATING,False,255,19.0,19.0,18.9375,48.0,REGULAR,HEATING_UP,HEATING,31.5,30.417728,HEATING_ACTIVE,46.5
2024-06-11 06:07:00.444837,8.667969,11.9609375,HEATING,False,255,19.0,19.0,18.9375,48.0,REGULAR,HEATING_UP,HEATING,31.5,30.417728,HEATING_ACTIVE,46.5
2024-06-11 06:08:00.680016,8.667969,11.9609375,HEATING,False,255,19.0,19.0,18.9375,48.0,REGULAR,HEATING_UP,HEATING,31.5,30.417728,HEATING_ACTIVE,46.5
2024-06-11 06:09:00.721622,8.667969,11.9609375,HEATING,False,255,19.0,19.0,18.9375,48.0,REGULAR,HEATING_UP,HEATING,31.5,30.417728,HEATING_ACTIVE,46.5
2024-06-11 06:10:00.763199,8.667969,11.9609375,HEATING,False,255,19.0,19.0,18.9375,48.0,REGULAR,HEATING_UP,HEATING,31.5,30.417728,HEATING_ACTIVE,46.5
2024-06-11 06:11:01.351834,8.667969,11.9609375,HEATING,False,255,19.0,19.0,18.9375,48.0,REGULAR,HEATING_UP,HEATING,31.5,30.417728,HEATING_ACTIVE,46.5
2024-06-11 06:12:00.398479,8.667969,11.9609375,HEATING,False,255,19.0,19.0,18.9375,48.0,REGULAR,HEATING_UP,HEATING,31.5,30.417728,HEATING_ACTIVE,46.5
2024-06-11 06:13:00.459554,9.140625,11.9609375,HEATING,False,255,19.0,19.0,18.9375,48.0,REGULAR,HEATING_UP,HEATING,32.0,30.417728,HEATING_ACTIVE,46.5
2024-06-11 06:14:00.772180,9.140625,11.9609375,HEATING,False,255,19.0,19.0,18.9375,48.0,REGULAR,HEATING_UP,HEATING,32.0,30.417728,HEATING_ACTIVE,46.5
2024-06-11 06:15:00.403796,9.140625,11.9609375,HEATING,False,255,19.0,19.0,18.9375,48.0,REGULAR,HEATING_UP,HEATING,32.0,30.417728,HEATING_ACTIVE,46.5
2024-06-11 06:16:00.590704,9.140625,11.9609375,HEATING,False,255,19.0,19.0,18.9375,48.0,REGULAR,HEATING_UP,HEATING,32.0,30.417728,HEATING_ACTIVE,46.5
2024-06-11 06:17:00.666329,9.140625,11.9609375,HEATING,False,255,19.0,19.0,18.9375,48.0,REGULAR,HEATING_UP,HEATING,32.0,30.417728,HEATING_ACTIVE,46.5
2024-06-11 06:18:00.404094,9.140625,11.9609375,HEATING,False,255,19.0,19.0,18.9375,48.0,REGULAR,HEATING_UP,HEATING,29.5,30.417728,HEATING_ACTIVE,46.5
2024-06-11 06:19:00.647540,9.140625,11.9609375,HEATING,False,255,19.0,19.0,18.9375,48.0,REGULAR,HEATING_UP,HEATING,29.5,30.417728,HEATING_ACTIVE,46.5
2024-06-11 06:20:00.530515,9.140625,11.9609375,HEATING,False,255,19.0,19.0,18.9375,48.0,REGULAR,HEATING_UP,HEATING,29.5,30.417728,HEATING_ACTIVE,46.5
2024-06-11 06:21:00.430238,9.140625,11.9609375,HEATING,False,255,19.0,19.0,18.9375,48.0,REGULAR,HEATING_UP,HEATING,29.5,30.417728,HEATING_ACTIVE,46.5
2024-06-11 06:22:00.389689,9.140625,11.9609375,HEATING,False,255,19.0,19.0,18.9375,48.0,REGULAR,HEATING_UP,HEATING,29.5,30.417728,HEATING_ACTIVE,46.5
2024-06-11 06:23:00.808971,9.140625,11.9609375,HEATING,False,255,19.0,19.0,18.9375,46.0,REGULAR,HEATING_UP,HEATING,27.5,30.417728,HEATING_ACTIVE,46.5
2024-06-11 06:24:00.510322,9.140625,11.9609375,HEATING,False,255,19.0,19.0,18.9375,46.0,REGULAR,HEATING_UP,HEATING,27.5,30.417728,HEATING_ACTIVE,46.5
2024-06-11 06:25:06.924444,9.140625,11.9609375,HEATING,False,255,19.0,19.0,18.9375,46.0,REGULAR,HEATING_UP,HEATING,27.5,30.417728,HEATING_ACTIVE,46.5
2024-06-11 06:26:00.709202,9.140625,11.9609375,HEATING,False,255,19.0,19.0,18.9375,46.0,REGULAR,HEATING_UP,HEATING,27.5,30.417728,HEATING_ACTIVE,46.5
2024-06-11 06:27:00.436987,9.140625,11.9609375,HEATING,False,255,19.0,19.0,18.9375,46.0,REGULAR,HEATING_UP,HEATING,27.5,30.417728,HEATING_ACTIVE,46.5
2024-06-11 06:28:00.489889,9.707031,11.9609375,HEATING,False,255,19.0,19.0,18.9375,47.0,REGULAR,HEATING_UP,HEATING,26.5,30.417728,HEATING_ACTIVE,46.5
2024-06-11 06:29:00.712001,9.707031,11.9609375,HEATING,False,255,19.0,19.0,18.9375,47.0,REGULAR,HEATING_UP,HEATING,26.5,30.417728,HEATING_ACTIVE,46.5
2024-06-11 06:30:00.965627,9.707031,11.9609375,HEATING,False,255,19.0,19.0,18.9375,47.0,REGULAR,HEATING_UP,HEATING,26.5,30.417728,HEATING_ACTIVE,46.5
2024-06-11 06:31:00.616111,9.707031,11.9609375,HEATING,False,255,19.0,19.0,18.9375,47.0,REGULAR,HEATING_UP,HEATING,26.5,30.417728,HEATING_ACTIVE,46.5
2024-06-11 06:32:00.855118,9.707031,11.9609375,HEATING,False,255,19.0,19.0,18.9375,47.0,REGULAR,HEATING_UP,HEATING,26.5,30.417728,HEATING_ACTIVE,46.5
2024-06-11 06:33:00.476813,9.707031,11.9609375,HEATING,False,255,19.0,19.0,18.9375,48.0,REGULAR,HEATING_UP,HEATING,25.5,30.417728,HEATING_ACTIVE,46.5
2024-06-11 06:34:00.446032,9.707031,11.9609375,HEATING,False,255,19.0,19.0,18.9375,48.0,REGULAR,HEATING_UP,HEATING,25.5,30.417728,HEATING_ACTIVE,46.5
2024-06-11 06:35:00.651854,9.707031,11.9609375,HEATING,False,255,19.0,19.0,18.9375,48.0,REGULAR,HEATING_UP,HEATING,25.5,30.417728,HEATING_ACTIVE,46.5
2024-06-11 06:36:00.486707,9.707031,11.9609375,HEATING,False,255,19.0,19.0,18.9375,48.0,REGULAR,HEATING_UP,HEATING,25.5,30.417728,HEATING_ACTIVE,46.5
2024-06-11 06:37:00.461969,9.707031,11.9609375,HEATING,False,255,19.0,19.0,18.9375,48.0,REGULAR,HEATING_UP,HEATING,25.5,30.417728,HEATING_ACTIVE,46.5
2024-06-11 06:38:00.744631,9.707031,11.9609375,HEATING,False,255,19.0,19.0,18.9375,48.0,REGULAR,HEATING_UP,HEATING,25.0,30.417728,HEATING_ACTIVE,46.5
2024-06-11 06:39:00.516558,9.707031,11.9609375,HEATING,False,255,19.0,19.0,18.9375,48.0,REGULAR,HEATING_UP,HEATING,25.0,30.417728,HEATING_ACTIVE,46.5
2024-06-11 06:40:01.922491,9.707031,11.9609375,HEATING,False,255,19.0,19.0,18.9375,48.0,REGULAR,HEATING_UP,HEATING,25.0,30.417728,HEATING_ACTIVE,46.5
2024-06-11 06:41:00.604572,9.707031,11.9609375,HEATING,False,255,19.0,19.0,18.9375,48.0,REGULAR,HEATING_UP,HEATING,25.0,30.417728,HEATING_ACTIVE,46.5
2024-06-11 06:42:00.442516,9.707031,11.9609375,HEATING,False,255,19.0,19.0,18.9375,48.0,REGULAR,HEATING_UP,HEATING,25.0,30.417728,HEATING_ACTIVE,46.5
2024-06-11 06:43:00.432731,10.140625,11.9609375,HEATING,False,255,19.0,19.0,18.9375,48.0,REGULAR,HEATING_UP,HEATING,30.5,30.417728,HEATING_ACTIVE,46.5
2024-06-11 06:44:01.039649,10.140625,11.9609375,HEATING,False,255,19.0,19.0,18.9375,48.0,REGULAR,HEATING_UP,HEATING,30.5,30.417728,HEATING_ACTIVE,46.5
2024-06-11 06:45:00.406759,10.140625,11.9609375,HEATING,False,255,19.0,19.0,18.9375,48.0,REGULAR,HEATING_UP,HEATING,30.5,30.417728,HEATING_ACTIVE,46.5
2024-06-11 06:46:00.410019,10.140625,11.9609375,HEATING,False,255,19.0,19.0,18.9375,48.0,REGULAR,HEATING_UP,HEATING,30.5,30.417728,HEATING_ACTIVE,46.5
2024-06-11 06:47:01.251364,10.140625,11.9609375,HEATING,False,255,19.0,19.0,18.9375,48.0,REGULAR,HEATING_UP,HEATING,30.5,30.417728,HEATING_ACTIVE,46.5
2024-06-11 06:48:00.581646,10.140625,11.9609375,HEATING,False,255,19.0,19.0,18.9375,47.0,REGULAR,HEATING_UP,HEATING,30.0,30.417728,HEATING_ACTIVE,46.5
2024-06-11 06:49:00.406967,10.140625,11.9609375,HEATING,False,255,19.0,19.0,18.9375,47.0,REGULAR,HEATING_UP,HEATING,30.0,30.417728,HEATING_ACTIVE,46.5
2024-06-11 06:50:00.655478,10.140625,11.9609375,HEATING,False,255,19.0,19.0,18.9375,47.0,REGULAR,HEATING_UP,HEATING,30.0,30.417728,HEATING_ACTIVE,46.5
2024-06-11 06:51:00.417689,10.140625,11.9609375,HEATING,False,255,19.0,19.0,18.9375,47.0,REGULAR,HEATING_UP,HEATING,30.0,30.417728,HEATING_ACTIVE,46.5
2024-06-11 06:52:00.500474,10.140625,11.9609375,HEATING,False,255,19.0,19.0,18.9375,47.0,REGULAR,HEATING_UP,HEATING,30.0,30.417728,HEATING_ACTIVE,46.5
2024-06-11 06:53:00.643441,10.140625,11.9609375,HEATING,False,255,19.0,19.0,18.9375,48.0,REGULAR,HEATING_UP,HEATING,29.5,30.417728,HEATING_ACTIVE,46.0
2024-06-11 06:54:00.430112,10.140625,11.9609375,HEATING,False,255,19.0,19.0,18.9375,48.0,REGULAR,HEATING_UP,HEATING,29.5,30.417728,HEATING_ACTIVE,46.0
2024-06-11 06:55:00.669219,10.140625,11.9609375,HEATING,False,255,19.0,19.0,18.9375,48.0,REGULAR,HEATING_UP,HEATING,29.5,30.417728,HEATING_ACTIVE,46.0
2024-06-11 06:56:01.941257,10.140625,11.9609375,HEATING,False,255,19.0,19.0,18.9375,48.0,REGULAR,HEATING_UP,HEATING,29.5,30.417728,HEATING_ACTIVE,46.0
2024-06-11 06:57:00.416398,10.140625,11.9609375,HEATING,False,255,19.0,19.0,18.9375,48.0,REGULAR,HEATING_UP,HEATING,29.5,30.417728,HEATING_ACTIVE,46.0
2024-06-11 06:58:00.768845,10.4296875,11.9609375,HEATING,False,255,19.0,19.0,18.9375,48.0,REGULAR,HEATING_UP,HEATING,28.5,30.417728,HEATING_ACTIVE,46.0
2024-06-11 06:59:00.589695,10.4296875,11.9609375,HEATING,False,255,19.0,19.0,18.9375,48.0,REGULAR,HEATING_UP,HEATING,28.5,30.417728,HEATING_ACTIVE,46.0
2024-06-11 07:00:00.525058,10.4296875,11.9609375,HEATING,False,255,19.0,19.0,18.9375,48.0,REGULAR,HEATING_UP,HEATING,28.5,30.417728,HEATING_ACTIVE,46.0
2024-06-11 07:01:00.481941,10.4296875,11.9609375,HEATING,False,255,19.0,19.0,18.9375,48.0,REGULAR,HEATING_UP,HEATING,28.5,30.417728,HEATING_ACTIVE,46.0
2024-06-11 07:02:00.673050,10.4296875,11.9609375,HEATING,False,255,19.0,19.0,18.9375,48.0,REGULAR,HEATING_UP,HEATING,28.5,30.417728,HEATING_ACTIVE,46.0
2024-06-11 07:03:00.482502,10.4296875,11.9609375,HEATING,False,255,19.0,19.0,18.9375,48.0,REGULAR,HEATING_UP,HEATING,30.5,30.417728,HEATING_ACTIVE,46.0
2024-06-11 07:05:07.144766,10.4296875,11.828125,HEATING,False,255,19.0,19.0,18.9375,48.0,REGULAR,HEATING_UP,HEATING,30.5,28.903255,HEATING_ACTIVE,46.0
2024-06-11 07:06:00.432039,10.4296875,11.828125,HEATING,False,255,19.0,19.0,18.9375,48.0,REGULAR,HEATING_UP,HEATING,30.5,28.903255,HEATING_ACTIVE,46.0
2024-06-11 07:08:00.712098,10.4296875,11.828125,HEATING,False,255,19.0,19.0,18.9375,48.0,REGULAR,HEATING_UP,HEATING,30.5,28.903255,HEATING_ACTIVE,46.0
2024-06-11 07:09:00.424010,10.4296875,11.828125,HEATING,False,255,19.0,19.0,18.9375,49.0,REGULAR,HEATING_UP,HEATING,30.5,28.903255,HEATING_ACTIVE,46.0
2024-06-11 07:10:00.390476,10.4296875,11.828125,HEATING,False,255,19.0,19.0,18.9375,49.0,REGULAR,HEATING_UP,HEATING,30.5,28.903255,HEATING_ACTIVE,46.0
2024-06-11 07:11:00.617722,10.4296875,11.828125,HEATING,False,255,19.0,19.0,18.9375,49.0,REGULAR,HEATING_UP,HEATING,30.5,28.903255,HEATING_ACTIVE,46.0
2024-06-11 07:12:00.682489,10.4296875,11.828125,HEATING,False,255,19.0,19.0,18.9375,49.0,REGULAR,HEATING_UP,HEATING,30.5,28.903255,HEATING_ACTIVE,46.0
2024-06-11 07:13:00.758065,10.4296875,11.828125,HEATING,False,255,19.0,19.0,18.9375,49.0,REGULAR,HEATING_UP,HEATING,30.5,28.903255,HEATING_ACTIVE,46.0
2024-06-11 07:14:00.555124,11.0,11.828125,HEATING,False,255,19.0,19.0,18.9375,49.0,REGULAR,HEATING_UP,HEATING,31.0,28.903255,HEATING_ACTIVE,46.0
2024-06-11 07:15:01.239315,11.0,11.828125,HEATING,False,255,19.0,19.0,18.9375,49.0,REGULAR,HEATING_UP,HEATING,31.0,28.903255,HEATING_ACTIVE,46.0
2024-06-11 07:16:00.431548,11.0,11.828125,HEATING,False,255,19.0,19.0,18.9375,49.0,REGULAR,HEATING_UP,HEATING,31.0,28.903255,HEATING_ACTIVE,46.0
2024-06-11 07:17:00.588420,11.0,11.828125,HEATING,False,255,19.0,19.0,18.9375,49.0,REGULAR,HEATING_UP,HEATING,31.0,28.903255,HEATING_ACTIVE,46.0
2024-06-11 07:18:00.634721,11.0,11.828125,HEATING,False,255,19.0,19.0,18.9375,49.0,REGULAR,HEATING_UP,HEATING,31.0,28.903255,HEATING_ACTIVE,46.0
2024-06-11 07:19:00.426524,11.0,11.828125,HEATING,False,255,19.0,19.0,18.75,47.0,REGULAR,HEATING_UP,HEATING,29.0,28.903255,HEATING_ACTIVE,46.0
2024-06-11 07:20:00.888842,11.0,11.828125,HEATING,False,255,19.0,19.0,18.75,47.0,REGULAR,HEATING_UP,HEATING,29.0,28.903255,HEATING_ACTIVE,46.0
2024-06-11 07:21:00.942779,11.0,11.828125,HEATING,False,255,19.0,19.0,18.75,47.0,REGULAR,HEATING_UP,HEATING,29.0,28.903255,HEATING_ACTIVE,46.0
2024-06-11 07:22:00.505597,11.0,11.828125,HEATING,False,255,19.0,19.0,18.75,47.0,REGULAR,HEATING_UP,HEATING,29.0,28.903255,HEATING_ACTIVE,46.0
2024-06-11 07:23:00.726210,11.0,11.828125,HEATING,False,255,19.0,19.0,18.75,47.0,REGULAR,HEATING_UP,HEATING,29.0,28.903255,HEATING_ACTIVE,46.0
2024-06-11 07:24:00.660691,11.0,11.828125,HEATING,False,255,19.0,19.0,18.75,48.0,REGULAR,HEATING_UP,HEATING,27.0,28.903255,HEATING_ACTIVE,46.0
2024-06-11 07:25:01.648226,11.0,11.828125,HEATING,False,255,19.0,19.0,18.75,48.0,REGULAR,HEATING_UP,HEATING,27.0,28.903255,HEATING_ACTIVE,46.0
2024-06-11 07:28:00.626102,11.0,11.828125,HEATING,False,255,19.0,19.0,18.75,48.0,REGULAR,HEATING_UP,HEATING,27.0,28.903255,HEATING_ACTIVE,46.0
2024-06-11 07:29:00.440149,11.566406,11.828125,HEATING,False,255,19.0,19.0,18.625,47.0,REGULAR,HEATING_UP,HEATING,26.0,28.903255,HEATING_ACTIVE,46.0
2024-06-11 07:30:06.596694,11.566406,11.828125,HEATING,False,255,19.0,19.0,18.625,47.0,REGULAR,HEATING_UP,HEATING,26.0,28.903255,HEATING_ACTIVE,46.0
2024-06-11 07:31:00.632516,11.566406,11.828125,HEATING,False,255,19.0,19.0,18.625,47.0,REGULAR,HEATING_UP,HEATING,26.0,28.903255,HEATING_ACTIVE,46.0
2024-06-11 07:32:00.485096,11.566406,11.828125,HEATING,False,255,19.0,19.0,18.625,47.0,REGULAR,HEATING_UP,HEATING,26.0,28.903255,HEATING_ACTIVE,46.0
2024-06-11 07:33:00.405603,11.566406,11.828125,HEATING,False,255,19.0,19.0,18.625,47.0,REGULAR,HEATING_UP,HEATING,26.0,28.903255,HEATING_ACTIVE,46.0
2024-06-11 07:34:00.896645,11.566406,11.828125,HEATING,False,255,19.0,19.0,18.625,48.0,REGULAR,HEATING_UP,HEATING,25.0,28.903255,HEATING_ACTIVE,46.0
2024-06-11 07:35:01.298664,11.566406,11.828125,HEATING,False,255,19.0,19.0,18.625,48.0,REGULAR,HEATING_UP,HEATING,25.0,28.903255,HEATING_ACTIVE,46.0
2024-06-11 07:36:00.710604,11.566406,11.828125,HEATING,False,255,19.0,19.0,18.625,48.0,REGULAR,HEATING_UP,HEATING,25.0,28.903255,HEATING_ACTIVE,46.0
2024-06-11 07:37:01.182941,11.566406,11.828125,HEATING,False,255,19.0,19.0,18.625,48.0,REGULAR,HEATING_UP,HEATING,25.0,28.903255,HEATING_ACTIVE,46.0
2024-06-11 07:38:00.437828,11.566406,11.828125,HEATING,False,255,19.0,19.0,18.625,48.0,REGULAR,HEATING_UP,HEATING,25.0,28.903255,HEATING_ACTIVE,46.0
2024-06-11 07:39:00.575547,11.566406,11.828125,HEATING,False,255,19.0,19.0,18.75,49.0,REGULAR,HEATING_UP,HEATING,24.5,28.903255,HEATING_ACTIVE,46.0
2024-06-11 07:40:13.266040,11.566406,11.828125,HEATING,False,255,19.0,19.0,18.75,49.0,REGULAR,HEATING_UP,HEATING,24.5,28.903255,HEATING_ACTIVE,46.0
2024-06-11 07:41:00.444777,11.566406,11.828125,HEATING,False,255,19.0,19.0,18.75,49.0,REGULAR,HEATING_UP,HEATING,24.5,28.903255,HEATING_ACTIVE,46.0
2024-06-11 07:42:00.418566,11.566406,11.828125,HEATING,False,255,19.0,19.0,18.75,49.0,REGULAR,HEATING_UP,HEATING,24.5,28.903255,HEATING_ACTIVE,46.0
2024-06-11 07:43:00.557619,11.566406,11.828125,HEATING,False,255,19.0,19.0,18.75,49.0,REGULAR,HEATING_UP,HEATING,24.5,28.903255,HEATING_ACTIVE,46.0
2024-06-11 07:44:00.411756,13.140625,11.828125,HEATING,False,255,19.0,19.0,18.75,49.0,REGULAR,HEATING_UP,HEATING,24.0,28.903255,HEATING_ACTIVE,46.0
2024-06-11 07:45:11.258480,13.140625,11.828125,HEATING,False,255,19.0,19.0,18.75,49.0,REGULAR,HEATING_UP,HEATING,24.0,28.903255,HEATING_ACTIVE,46.0
2024-06-11 07:46:00.772657,13.140625,11.828125,HEATING,False,255,19.0,19.0,18.75,49.0,REGULAR,HEATING_UP,HEATING,24.0,28.903255,HEATING_ACTIVE,46.0
2024-06-11 07:47:00.480926,13.140625,11.828125,HEATING,False,255,19.0,19.0,18.75,49.0,REGULAR,HEATING_UP,HEATING,24.0,28.903255,HEATING_ACTIVE,46.0
2024-06-11 07:48:00.453674,13.140625,11.828125,HEATING,False,255,19.0,19.0,18.75,49.0,REGULAR,HEATING_UP,HEATING,24.0,28.903255,HEATING_ACTIVE,46.0
2024-06-11 07:49:00.692570,13.140625,11.828125,HEATING,False,255,19.0,19.0,18.75,49.0,REGULAR,HEATING_UP,HEATING,23.5,28.903255,HEATING_ACTIVE,45.5
2024-06-11 07:50:11.194686,13.140625,11.828125,HEATING,False,255,19.0,19.0,18.75,49.0,REGULAR,HEATING_UP,HEATING,23.5,28.903255,HEATING_ACTIVE,45.5
2024-06-11 07:51:00.393964,13.140625,11.828125,HEATING,False,255,19.0,19.0,18.75,49.0,REGULAR,HEATING_UP,HEATING,23.5,28.903255,HEATING_ACTIVE,45.5
2024-06-11 07:52:01.001738,13.140625,11.828125,HEATING,False,255,19.0,19.0,18.75,49.0,REGULAR,HEATING_UP,HEATING,23.5,28.903255,HEATING_ACTIVE,45.5
2024-06-11 07:53:00.409318,13.140625,11.828125,HEATING,False,255,19.0,19.0,18.75,49.0,REGULAR,HEATING_UP,HEATING,23.5,28.903255,HEATING_ACTIVE,45.5
2024-06-11 07:54:00.434955,13.140625,11.828125,HEATING,False,255,19.0,19.0,18.75,49.0,REGULAR,HEATING_UP,HEATING,29.5,28.903255,HEATING_ACTIVE,45.5
2024-06-11 07:55:00.656730,13.140625,11.828125,HEATING,False,255,19.0,19.0,18.75,49.0,REGULAR,HEATING_UP,HEATING,29.5,28.903255,HEATING_ACTIVE,45.5
2024-06-11 07:56:00.490348,13.140625,11.828125,HEATING,False,255,19.0,19.0,18.75,49.0,REGULAR,HEATING_UP,HEATING,29.5,28.903255,HEATING_ACTIVE,45.5
2024-06-11 07:57:00.445452,13.140625,11.828125,HEATING,False,255,19.0,19.0,18.75,49.0,REGULAR,HEATING_UP,HEATING,29.5,28.903255,HEATING_ACTIVE,45.5
2024-06-11 07:58:00.696387,13.140625,11.828125,HEATING,False,255,19.0,19.0,18.75,49.0,REGULAR,HEATING_UP,HEATING,29.5,28.903255,HEATING_ACTIVE,45.5
2024-06-11 07:59:00.489515,14.824219,11.828125,HEATING,False,255,19.0,19.0,18.8125,49.0,REGULAR,HEATING_UP,HEATING,29.0,28.903255,HEATING_ACTIVE,45.5
2024-06-11 08:00:01.384919,14.824219,11.828125,HEATING,False,255,19.0,19.0,18.8125,49.0,REGULAR,HEATING_UP,HEATING,29.0,28.903255,HEATING_ACTIVE,45.5
2024-06-11 08:01:01.509265,14.824219,11.828125,HEATING,False,255,19.0,19.0,18.8125,49.0,REGULAR,HEATING_UP,HEATING,29.0,28.903255,HEATING_ACTIVE,45.5
2024-06-11 08:02:04.550451,14.824219,11.828125,HEATING,False,255,19.0,19.0,18.8125,49.0,REGULAR,HEATING_UP,HEATING,29.0,28.903255,HEATING_ACTIVE,45.5
2024-06-11 08:03:00.686517,14.824219,11.828125,HEATING,False,255,19.0,19.0,18.8125,49.0,REGULAR,HEATING_UP,HEATING,29.0,28.903255,HEATING_ACTIVE,45.5
2024-06-11 08:04:02.031748,14.824219,11.828125,HEATING,False,255,19.0,19.0,18.8125,49.0,REGULAR,HEATING_UP,HEATING,28.0,28.903255,HEATING_ACTIVE,45.5
2024-06-11 08:05:01.830551,14.824219,11.8046875,HEATING,False,255,19.0,19.0,18.8125,49.0,REGULAR,HEATING_UP,HEATING,28.0,25.011082,HEATING_ACTIVE,45.5
2024-06-11 08:06:00.515700,14.824219,11.8046875,HEATING,False,255,19.0,19.0,18.8125,49.0,REGULAR,HEATING_UP,HEATING,28.0,25.011082,HEATING_ACTIVE,45.5
2024-06-11 08:07:01.556793,14.824219,11.8046875,HEATING,False,255,19.0,19.0,18.8125,49.0,REGULAR,HEATING_UP,HEATING,28.0,25.011082,HEATING_ACTIVE,45.5
2024-06-11 08:08:00.503813,14.824219,11.8046875,HEATING,False,255,19.0,19.0,18.8125,49.0,REGULAR,HEATING_UP,HEATING,28.0,25.011082,HEATING_ACTIVE,45.5
2024-06-11 08:09:00.418235,14.824219,11.8046875,DHW,False,255,19.0,19.0,18.9375,50.0,REGULAR,HEATING_UP,STANDBY,29.5,25.011082,HEATING_STANDBY,40.5
2024-06-11 08:10:00.594832,14.824219,11.8046875,DHW,False,255,19.0,19.0,18.9375,50.0,REGULAR,HEATING_UP,STANDBY,29.5,25.011082,HEATING_STANDBY,40.5
2024-06-11 08:11:00.421731,14.824219,11.8046875,DHW,False,255,19.0,19.0,18.9375,50.0,REGULAR,HEATING_UP,STANDBY,29.5,25.011082,HEATING_STANDBY,40.5
2024-06-11 08:12:00.493891,14.824219,11.8046875,DHW,False,255,19.0,19.0,18.9375,50.0,REGULAR,HEATING_UP,STANDBY,29.5,25.011082,HEATING_STANDBY,40.5
2024-06-11 08:13:00.708507,14.824219,11.8046875,DHW,False,255,19.0,19.0,18.9375,50.0,REGULAR,HEATING_UP,STANDBY,29.5,25.011082,HEATING_STANDBY,40.5
2024-06-11 08:14:00.748266,14.824219,11.8046875,DHW,False,255,19.0,19.0,18.9375,49.0,REGULAR,HEATING_UP,STANDBY,52.0,25.011082,HEATING_STANDBY,20.5
2024-06-11 08:15:01.579829,14.824219,11.8046875,DHW,False,255,19.0,19.0,18.9375,49.0,REGULAR,HEATING_UP,STANDBY,52.0,25.011082,HEATING_STANDBY,20.5
2024-06-11 08:16:00.645660,14.824219,11.8046875,DHW,False,255,19.0,19.0,18.9375,49.0,REGULAR,HEATING_UP,STANDBY,52.0,25.011082,HEATING_STANDBY,20.5
2024-06-11 08:17:00.503534,14.824219,11.8046875,DHW,False,255,19.0,19.0,18.9375,49.0,REGULAR,HEATING_UP,STANDBY,52.0,25.011082,HEATING_STANDBY,20.5
2024-06-11 08:18:00.630541,14.824219,11.8046875,DHW,False,255,19.0,19.0,18.9375,49.0,REGULAR,HEATING_UP,STANDBY,52.0,25.011082,HEATING_STANDBY,20.5
2024-06-11 08:19:00.894204,14.824219,11.8046875,DHW,False,255,19.0,19.0,18.9375,49.0,REGULAR,HEATING_UP,STANDBY,50.5,25.011082,HEATING_STANDBY,19.5
2024-06-11 08:20:00.524416,14.824219,11.8046875,DHW,False,255,19.0,19.0,18.9375,49.0,REGULAR,HEATING_UP,STANDBY,50.5,25.011082,HEATING_STANDBY,19.5
2024-06-11 08:21:00.448904,14.824219,11.8046875,DHW,False,255,19.0,19.0,18.9375,49.0,REGULAR,HEATING_UP,STANDBY,50.5,25.011082,HEATING_STANDBY,19.5
2024-06-11 08:22:00.870070,14.824219,11.8046875,DHW,False,255,19.0,19.0,18.9375,49.0,REGULAR,HEATING_UP,STANDBY,50.5,25.011082,HEATING_STANDBY,19.5
2024-06-11 08:23:00.636403,14.824219,11.8046875,DHW,False,255,19.0,19.0,18.9375,49.0,REGULAR,HEATING_UP,STANDBY,50.5,25.011082,HEATING_STANDBY,19.5
2024-06-11 08:24:00.620099,14.824219,11.8046875,DHW,False,255,19.0,19.0,18.9375,49.0,REGULAR,HEATING_UP,STANDBY,50.5,25.011082,HEATING_STANDBY,19.5
2024-06-11 08:25:02.661648,14.824219,11.8046875,DHW,False,255,19.0,19.0,18.9375,49.0,REGULAR,HEATING_UP,STANDBY,51.0,25.011082,HEATING_STANDBY,35.5
2024-06-11 08:26:00.534303,14.824219,11.8046875,DHW,False,255,19.0,19.0,18.9375,49.0,REGULAR,HEATING_UP,STANDBY,51.0,25.011082,HEATING_STANDBY,35.5
2024-06-11 08:27:00.407982,14.824219,11.8046875,DHW,False,255,19.0,19.0,18.9375,49.0,REGULAR,HEATING_UP,STANDBY,51.0,25.011082,HEATING_STANDBY,35.5
2024-06-11 08:28:00.579482,14.824219,11.8046875,DHW,False,255,19.0,19.0,18.9375,49.0,REGULAR,HEATING_UP,STANDBY,51.0,25.011082,HEATING_STANDBY,35.5
2024-06-11 08:29:00.489160,14.824219,11.8046875,DHW,False,255,19.0,19.0,18.9375,49.0,REGULAR,HEATING_UP,STANDBY,51.0,25.011082,HEATING_STANDBY,35.5
2024-06-11 08:30:01.114126,14.667969,11.8046875,DHW,False,255,19.0,19.0,18.9375,49.0,REGULAR,HEATING_UP,STANDBY,54.0,25.011082,HEATING_STANDBY,42.0
2024-06-11 08:31:00.658775,14.667969,11.8046875,DHW,False,255,19.0,19.0,18.9375,49.0,REGULAR,HEATING_UP,STANDBY,54.0,25.011082,HEATING_STANDBY,42.0
2024-06-11 08:32:00.547170,14.667969,11.8046875,DHW,False,255,19.0,19.0,18.9375,49.0,REGULAR,HEATING_UP,STANDBY,54.0,25.011082,HEATING_STANDBY,42.0
2024-06-11 08:33:00.595788,14.667969,11.8046875,DHW,False,255,19.0,19.0,18.9375,49.0,REGULAR,HEATING_UP,STANDBY,54.0,25.011082,HEATING_STANDBY,42.0
2024-06-11 08:34:01.838621,14.667969,11.8046875,DHW,False,255,19.0,19.0,18.9375,49.0,REGULAR,HEATING_UP,STANDBY,54.0,25.011082,HEATING_STANDBY,42.0
2024-06-11 08:35:01.378717,14.667969,11.8046875,DHW,False,255,19.0,19.0,18.9375,49.0,REGULAR,HEATING_UP,STANDBY,50.5,25.011082,HEATING_STANDBY,44.0
2024-06-11 08:36:00.540991,14.667969,11.8046875,DHW,False,255,19.0,19.0,18.9375,49.0,REGULAR,HEATING_UP,STANDBY,50.5,25.011082,HEATING_STANDBY,44.0
2024-06-11 08:37:00.699524,14.667969,11.8046875,DHW,False,255,19.0,19.0,18.9375,49.0,REGULAR,HEATING_UP,STANDBY,50.5,25.011082,HEATING_STANDBY,44.0
2024-06-11 08:38:00.746910,14.667969,11.8046875,DHW,False,255,19.0,19.0,18.9375,49.0,REGULAR,HEATING_UP,STANDBY,50.5,25.011082,HEATING_STANDBY,44.0
2024-06-11 08:39:00.999050,14.667969,11.8046875,DHW,False,255,19.0,19.0,18.9375,49.0,REGULAR,HEATING_UP,STANDBY,50.5,25.011082,HEATING_STANDBY,44.0
2024-06-11 08:40:11.211705,14.667969,11.8046875,DHW,False,255,19.0,19.0,18.9375,50.0,REGULAR,HEATING_UP,STANDBY,53.0,25.011082,HEATING_STANDBY,45.0
2024-06-11 08:41:00.673891,14.667969,11.8046875,DHW,False,255,19.0,19.0,18.9375,50.0,REGULAR,HEATING_UP,STANDBY,53.0,25.011082,HEATING_STANDBY,45.0
2024-06-11 08:42:01.970589,14.667969,11.8046875,DHW,False,255,19.0,19.0,18.9375,50.0,REGULAR,HEATING_UP,STANDBY,53.0,25.011082,HEATING_STANDBY,45.0
2024-06-11 08:43:07.729035,14.667969,11.8046875,HEATING,False,255,19.0,19.0,18.9375,50.0,REGULAR,HEATING_UP,HEATING,53.0,25.011082,HEATING_ACTIVE,45.0
2024-06-11 08:44:00.382360,14.667969,11.8046875,HEATING,False,255,19.0,19.0,18.9375,50.0,REGULAR,HEATING_UP,HEATING,53.0,25.011082,HEATING_ACTIVE,45.0
2024-06-11 08:45:01.160372,14.328125,11.8046875,HEATING,False,255,19.0,19.0,18.9375,49.0,REGULAR,HEATING_UP,HEATING,34.0,25.011082,HEATING_ACTIVE,46.5
2024-06-11 08:46:01.212653,14.328125,11.8046875,HEATING,False,255,19.0,19.0,18.9375,49.0,REGULAR,HEATING_UP,HEATING,34.0,25.011082,HEATING_ACTIVE,46.5
2024-06-11 08:47:01.584018,14.328125,11.8046875,HEATING,False,255,19.0,19.0,18.9375,49.0,REGULAR,HEATING_UP,HEATING,34.0,25.011082,HEATING_ACTIVE,46.5
2024-06-11 08:48:00.584382,14.328125,11.8046875,HEATING,False,255,19.0,19.0,18.9375,49.0,REGULAR,HEATING_UP,HEATING,34.0,25.011082,HEATING_ACTIVE,46.5
2024-06-11 08:49:00.754097,14.328125,11.8046875,HEATING,False,255,19.0,19.0,18.9375,49.0,REGULAR,HEATING_UP,HEATING,34.0,25.011082,HEATING_ACTIVE,46.5
2024-06-11 08:50:00.716146,14.328125,11.8046875,HEATING,False,255,19.0,19.0,18.9375,50.0,REGULAR,HEATING_UP,HEATING,25.5,25.011082,HEATING_ACTIVE,46.5
2024-06-11 08:51:00.925218,14.328125,11.8046875,HEATING,False,255,19.0,19.0,18.9375,50.0,REGULAR,HEATING_UP,HEATING,25.5,25.011082,HEATING_ACTIVE,46.5
2024-06-11 08:52:00.860317,14.328125,11.8046875,HEATING,False,255,19.0,19.0,18.9375,50.0,REGULAR,HEATING_UP,HEATING,25.5,25.011082,HEATING_ACTIVE,46.5
2024-06-11 08:53:00.530613,14.328125,11.8046875,HEATING,False,255,19.0,19.0,18.9375,50.0,REGULAR,HEATING_UP,HEATING,25.5,25.011082,HEATING_ACTIVE,46.5
2024-06-11 08:54:00.673423,14.328125,11.8046875,HEATING,False,255,19.0,19.0,18.9375,50.0,REGULAR,HEATING_UP,HEATING,25.5,25.011082,HEATING_ACTIVE,46.5
2024-06-11 08:55:03.978117,14.5,11.8046875,HEATING,False,255,19.0,19.0,18.9375,49.0,REGULAR,HEATING_UP,HEATING,24.0,25.011082,HEATING_ACTIVE,46.5
2024-06-11 08:56:00.415563,14.5,11.8046875,HEATING,False,255,19.0,19.0,18.9375,49.0,REGULAR,HEATING_UP,HEATING,24.0,25.011082,HEATING_ACTIVE,46.5
2024-06-11 08:57:00.379346,14.5,11.8046875,HEATING,False,255,19.0,19.0,18.9375,49.0,REGULAR,HEATING_UP,HEATING,24.0,25.011082,HEATING_ACTIVE,46.5
2024-06-11 08:58:00.541451,14.5,11.8046875,HEATING,False,255,19.0,19.0,18.9375,49.0,REGULAR,HEATING_UP,HEATING,24.0,25.011082,HEATING_ACTIVE,46.5
2024-06-11 08:59:00.396408,14.5,11.8046875,HEATING,False,255,19.0,19.0,18.9375,49.0,REGULAR,HEATING_UP,HEATING,24.0,25.011082,HEATING_ACTIVE,46.5
2024-06-11 09:00:02.268460,14.5,11.8046875,HEATING,False,255,19.0,19.0,18.9375,49.0,REGULAR,HEATING_UP,HEATING,23.5,25.011082,HEATING_ACTIVE,46.5
2024-06-11 09:01:00.640365,14.5,11.8046875,HEATING,False,255,19.0,19.0,18.9375,49.0,REGULAR,HEATING_UP,HEATING,23.5,25.011082,HEATING_ACTIVE,46.5
2024-06-11 09:02:01.305073,14.5,11.8046875,HEATING,False,255,19.0,19.0,18.9375,49.0,REGULAR,HEATING_UP,HEATING,23.5,25.011082,HEATING_ACTIVE,46.5
2024-06-11 09:03:00.666336,14.5,11.8046875,HEATING,False,255,19.0,19.0,18.9375,49.0,REGULAR,HEATING_UP,HEATING,23.5,25.011082,HEATING_ACTIVE,46.5
2024-06-11 09:04:01.142729,14.5,11.8046875,HEATING,False,255,19.0,19.0,18.9375,49.0,REGULAR,HEATING_UP,HEATING,23.5,25.011082,HEATING_ACTIVE,46.5
2024-06-11 09:05:00.679479,14.5,11.953125,HEATING,False,255,19.0,19.0,18.9375,50.0,REGULAR,HEATING_UP,HEATING,23.0,25.089087,HEATING_ACTIVE,46.5
2024-06-11 09:06:00.450009,14.5,11.953125,HEATING,False,255,19.0,19.0,18.9375,50.0,REGULAR,HEATING_UP,HEATING,23.0,25.089087,HEATING_ACTIVE,46.5
2024-06-11 09:07:00.714660,14.5,11.953125,HEATING,False,255,19.0,19.0,18.9375,50.0,REGULAR,HEATING_UP,HEATING,23.0,25.089087,HEATING_ACTIVE,46.5
2024-06-11 09:08:00.497803,14.5,11.953125,HEATING,False,255,19.0,19.0,18.9375,50.0,REGULAR,HEATING_UP,HEATING,23.0,25.089087,HEATING_ACTIVE,46.5
2024-06-11 09:09:00.441467,14.5,11.953125,HEATING,False,255,19.0,19.0,18.9375,50.0,REGULAR,HEATING_UP,HEATING,23.0,25.089087,HEATING_ACTIVE,46.5
2024-06-11 09:10:00.746338,14.5,11.953125,HEATING,False,255,19.0,19.0,18.9375,50.0,REGULAR,HEATING_UP,HEATING,23.0,25.089087,HEATING_ACTIVE,46.5
2024-06-11 09:11:00.994957,15.140625,11.953125,HEATING,False,255,19.0,19.0,18.9375,49.0,REGULAR,HEATING_UP,HEATING,23.0,25.089087,HEATING_ACTIVE,46.5
2024-06-11 09:12:00.661886,15.140625,11.953125,HEATING,False,255,19.0,19.0,18.9375,49.0,REGULAR,HEATING_UP,HEATING,23.0,25.089087,HEATING_ACTIVE,46.5
2024-06-11 09:13:00.649117,15.140625,11.953125,HEATING,False,255,19.0,19.0,18.9375,49.0,REGULAR,HEATING_UP,HEATING,23.0,25.089087,HEATING_ACTIVE,46.5
2024-06-11 09:14:01.417781,15.140625,11.953125,HEATING,False,255,19.0,19.0,18.9375,49.0,REGULAR,HEATING_UP,HEATING,23.0,25.089087,HEATING_ACTIVE,46.5
2024-06-11 09:15:05.818282,15.140625,11.953125,HEATING,False,255,19.0,19.0,19.0,50.0,REGULAR,HEATING_UP,HEATING,22.5,25.089087,HEATING_ACTIVE,46.5
2024-06-11 09:16:01.209138,15.140625,11.953125,HEATING,False,255,19.0,19.0,19.0,50.0,REGULAR,HEATING_UP,HEATING,22.5,25.089087,HEATING_ACTIVE,46.5
2024-06-11 09:17:00.565738,15.140625,11.953125,HEATING,False,255,19.0,19.0,19.0,50.0,REGULAR,HEATING_UP,HEATING,22.5,25.089087,HEATING_ACTIVE,46.5
2024-06-11 09:18:00.813297,15.140625,11.953125,HEATING,False,255,19.0,19.0,19.0,50.0,REGULAR,HEATING_UP,HEATING,22.5,25.089087,HEATING_ACTIVE,46.5
2024-06-11 09:19:00.603331,15.140625,11.953125,HEATING,False,255,19.0,19.0,19.0,50.0,REGULAR,HEATING_UP,HEATING,22.5,25.089087,HEATING_ACTIVE,46.5
2024-06-11 09:20:04.845740,15.140625,11.953125,HEATING,False,255,19.0,19.0,19.0,49.0,REGULAR,HEATING_UP,HEATING,22.5,25.089087,HEATING_ACTIVE,46.5
2024-06-11 09:21:01.088132,15.140625,11.953125,HEATING,False,255,19.0,19.0,19.0,49.0,REGULAR,HEATING_UP,HEATING,22.5,25.089087,HEATING_ACTIVE,46.5
2024-06-11 09:22:01.255513,15.140625,11.953125,HEATING,False,255,19.0,19.0,19.0,49.0,REGULAR,HEATING_UP,HEATING,22.5,25.089087,HEATING_ACTIVE,46.5
2024-06-11 09:23:00.418801,15.140625,11.953125,HEATING,False,255,19.0,19.0,19.0,49.0,REGULAR,HEATING_UP,HEATING,22.5,25.089087,HEATING_ACTIVE,46.5
2024-06-11 09:24:11.401103,15.140625,11.953125,HEATING,False,255,19.0,19.0,19.0,49.0,REGULAR,HEATING_UP,HEATING,22.5,25.089087,HEATING_ACTIVE,46.5
2024-06-11 09:25:00.431649,15.140625,11.953125,HEATING,False,255,19.0,19.0,19.0,49.0,REGULAR,HEATING_UP,HEATING,22.5,25.089087,HEATING_ACTIVE,46.5
2024-06-11 09:26:00.636726,15.0,11.953125,HEATING,False,255,19.0,19.0,19.0,49.0,REGULAR,HEATING_UP,HEATING,22.0,25.089087,HEATING_ACTIVE,46.5
2024-06-11 09:27:00.719931,15.0,11.953125,HEATING,False,255,19.0,19.0,19.0,49.0,REGULAR,HEATING_UP,HEATING,22.0,25.089087,HEATING_ACTIVE,46.5
2024-06-11 09:28:00.922649,15.0,11.953125,HEATING,False,255,19.0,19.0,19.0,49.0,REGULAR,HEATING_UP,HEATING,22.0,25.089087,HEATING_ACTIVE,46.5
2024-06-11 09:29:02.098816,15.0,11.953125,HEATING,False,255,19.0,19.0,19.0,49.0,REGULAR,HEATING_UP,HEATING,22.0,25.089087,HEATING_ACTIVE,46.5
2024-06-11 09:30:09.848289,15.0,11.953125,HEATING,False,255,19.0,19.0,19.0,49.0,REGULAR,HEATING_UP,HEATING,22.0,25.089087,HEATING_ACTIVE,46.5
2024-06-11 09:31:00.428406,15.0,11.953125,HEATING,False,255,19.0,19.0,19.0,49.0,REGULAR,HEATING_UP,HEATING,22.0,25.089087,HEATING_ACTIVE,46.5
2024-06-11 09:32:00.438641,15.0,11.953125,HEATING,False,255,19.0,19.0,19.0,49.0,REGULAR,HEATING_UP,HEATING,22.0,25.089087,HEATING_ACTIVE,46.5
2024-06-11 09:33:00.591262,15.0,11.953125,HEATING,False,255,19.0,19.0,19.0,49.0,REGULAR,HEATING_UP,HEATING,22.0,25.089087,HEATING_ACTIVE,46.5
2024-06-11 09:34:05.660878,15.0,11.953125,HEATING,False,255,19.0,19.0,19.0,49.0,REGULAR,HEATING_UP,HEATING,22.0,25.089087,HEATING_ACTIVE,46.5
2024-06-11 09:35:01.242457,15.0,11.953125,HEATING,False,255,19.0,19.0,19.0,49.0,REGULAR,HEATING_UP,HEATING,22.0,25.089087,HEATING_ACTIVE,46.5
2024-06-11 09:36:00.607947,15.0,11.953125,HEATING,False,255,19.0,19.0,19.0,49.0,REGULAR,HEATING_UP,HEATING,21.5,25.089087,HEATING_ACTIVE,46.5
2024-06-11 09:37:00.455948,15.0,11.953125,HEATING,False,255,19.0,19.0,19.0,49.0,REGULAR,HEATING_UP,HEATING,21.5,25.089087,HEATING_ACTIVE,46.5
2024-06-11 09:38:00.749632,15.0,11.953125,HEATING,False,255,19.0,19.0,19.0,49.0,REGULAR,HEATING_UP,HEATING,21.5,25.089087,HEATING_ACTIVE,46.5
2024-06-11 09:39:00.618468,15.0,11.953125,HEATING,False,255,19.0,19.0,19.0,49.0,REGULAR,HEATING_UP,HEATING,21.5,25.089087,HEATING_ACTIVE,46.5
2024-06-11 09:40:05.123422,15.0,11.953125,HEATING,False,255,19.0,19.0,19.0,49.0,REGULAR,HEATING_UP,HEATING,21.5,25.089087,HEATING_ACTIVE,46.5
2024-06-11 09:41:00.434422,15.4296875,11.953125,HEATING,False,255,19.0,19.0,19.0,49.0,REGULAR,HEATING_UP,HEATING,21.5,25.089087,HEATING_ACTIVE,46.5
2024-06-11 09:42:00.827594,15.4296875,11.953125,HEATING,False,255,19.0,19.0,19.0,49.0,REGULAR,HEATING_UP,HEATING,21.5,25.089087,HEATING_ACTIVE,46.5
2024-06-11 09:43:00.731115,15.4296875,11.953125,HEATING,False,255,19.0,19.0,19.0,49.0,REGULAR,HEATING_UP,HEATING,21.5,25.089087,HEATING_ACTIVE,46.5
2024-06-11 09:44:02.027660,15.4296875,11.953125,HEATING,False,255,19.0,19.0,19.0,49.0,REGULAR,HEATING_UP,HEATING,21.5,25.089087,HEATING_ACTIVE,46.5
2024-06-11 09:45:01.421872,15.4296875,11.953125,HEATING,False,255,19.0,19.0,19.0,49.0,REGULAR,HEATING_UP,HEATING,21.5,25.089087,HEATING_ACTIVE,46.5
2024-06-11 09:46:00.709964,15.4296875,11.953125,HEATING,False,255,19.0,19.0,19.0,49.0,REGULAR,HEATING_UP,HEATING,21.5,25.089087,HEATING_ACTIVE,46.5
2024-06-11 09:47:00.667211,15.4296875,11.953125,HEATING,False,255,19.0,19.0,19.0,49.0,REGULAR,HEATING_UP,HEATING,21.5,25.089087,HEATING_ACTIVE,46.5
2024-06-11 11:25:01.602829,16.0,12.363281,HEATING,False,255,19.0,19.0,19.125,51.0,REGULAR,IDLE,HEATING,21.0,22.141188,HEATING_ACTIVE,46.0
2024-06-11 11:26:00.580181,16.0,12.363281,HEATING,False,255,19.0,19.0,19.125,51.0,REGULAR,IDLE,HEATING,21.0,22.141188,HEATING_ACTIVE,46.0
2024-06-11 11:27:00.618762,16.328125,12.363281,HEATING,False,255,19.0,19.0,19.125,51.0,REGULAR,IDLE,HEATING,20.5,22.141188,HEATING_ACTIVE,46.0
2024-06-11 11:28:00.890399,16.328125,12.363281,HEATING,False,255,19.0,19.0,19.125,51.0,REGULAR,IDLE,HEATING,20.5,22.141188,HEATING_ACTIVE,46.0
2024-06-11 11:29:00.882892,16.328125,12.363281,HEATING,False,255,19.0,19.0,19.125,51.0,REGULAR,IDLE,HEATING,20.5,22.141188,HEATING_ACTIVE,46.0
2024-06-11 11:30:10.445472,16.328125,12.363281,HEATING,False,255,19.0,19.0,19.125,51.0,REGULAR,IDLE,HEATING,20.5,22.141188,HEATING_ACTIVE,46.0
2024-06-11 11:31:00.420792,16.328125,12.363281,HEATING,False,255,19.0,19.0,19.125,51.0,REGULAR,IDLE,HEATING,20.5,22.141188,HEATING_ACTIVE,46.0
2024-06-11 11:32:00.438685,16.328125,12.363281,HEATING,False,255,19.0,19.0,19.125,50.0,REGULAR,IDLE,HEATING,25.5,22.141188,HEATING_ACTIVE,46.0
2024-06-11 11:33:00.640707,16.328125,12.363281,HEATING,False,255,19.0,19.0,19.125,50.0,REGULAR,IDLE,HEATING,25.5,22.141188,HEATING_ACTIVE,46.0
2024-06-11 11:34:00.928706,16.328125,12.363281,HEATING,False,255,19.0,19.0,19.125,50.0,REGULAR,IDLE,HEATING,25.5,22.141188,HEATING_ACTIVE,46.0
2024-06-11 11:35:05.702173,16.328125,12.363281,HEATING,False,255,19.0,19.0,19.125,50.0,REGULAR,IDLE,HEATING,25.5,22.141188,HEATING_ACTIVE,46.0
2024-06-11 11:36:00.707092,16.328125,12.363281,HEATING,False,255,19.0,19.0,19.125,50.0,REGULAR,IDLE,HEATING,25.5,22.141188,HEATING_ACTIVE,46.0
2024-06-11 11:37:00.430830,16.328125,12.363281,HEATING,False,255,19.0,19.0,19.125,50.0,REGULAR,IDLE,HEATING,26.0,22.141188,HEATING_ACTIVE,46.0
2024-06-11 11:38:00.456495,16.328125,12.363281,HEATING,False,255,19.0,19.0,19.125,50.0,REGULAR,IDLE,HEATING,26.0,22.141188,HEATING_ACTIVE,46.0
2024-06-11 11:39:00.602165,16.328125,12.363281,HEATING,False,255,19.0,19.0,19.125,50.0,REGULAR,IDLE,HEATING,26.0,22.141188,HEATING_ACTIVE,46.0
2024-06-11 11:40:04.927836,16.328125,12.363281,HEATING,False,255,19.0,19.0,19.125,50.0,REGULAR,IDLE,HEATING,26.0,22.141188,HEATING_ACTIVE,46.0
2024-06-11 11:41:00.414941,16.328125,12.363281,HEATING,False,255,19.0,19.0,19.125,50.0,REGULAR,IDLE,HEATING,26.0,22.141188,HEATING_ACTIVE,46.0
2024-06-11 11:42:00.636547,16.328125,12.363281,HEATING,False,255,19.0,19.0,19.125,50.0,REGULAR,IDLE,HEATING,26.5,22.141188,HEATING_ACTIVE,46.0
2024-06-11 11:43:00.483055,16.328125,12.363281,HEATING,False,255,19.0,19.0,19.125,50.0,REGULAR,IDLE,HEATING,26.5,22.141188,HEATING_ACTIVE,46.0
2024-06-11 11:44:01.264776,16.328125,12.363281,HEATING,False,255,19.0,19.0,19.125,50.0,REGULAR,IDLE,HEATING,26.5,22.141188,HEATING_ACTIVE,46.0
2024-06-11 11:45:01.216844,16.328125,12.363281,HEATING,False,255,19.0,19.0,19.125,50.0,REGULAR,IDLE,HEATING,26.5,22.141188,HEATING_ACTIVE,46.0
2024-06-11 11:46:00.438792,16.328125,12.363281,HEATING,False,255,19.0,19.0,19.125,50.0,REGULAR,IDLE,HEATING,26.5,22.141188,HEATING_ACTIVE,46.0
2024-06-11 11:47:01.281514,16.328125,12.363281,HEATING,False,255,19.0,19.0,19.125,50.0,REGULAR,IDLE,HEATING,25.5,22.141188,HEATING_ACTIVE,46.0
2024-06-11 11:48:01.061478,16.328125,12.363281,HEATING,False,255,19.0,19.0,19.125,50.0,REGULAR,IDLE,HEATING,25.5,22.141188,HEATING_ACTIVE,46.0
2024-06-11 11:49:00.519244,16.328125,12.363281,HEATING,False,255,19.0,19.0,19.125,50.0,REGULAR,IDLE,HEATING,25.5,22.141188,HEATING_ACTIVE,46.0
2024-06-11 11:50:00.654045,16.328125,12.363281,HEATING,False,255,19.0,19.0,19.125,50.0,REGULAR,IDLE,HEATING,25.5,22.141188,HEATING_ACTIVE,46.0
2024-06-11 11:51:00.727163,16.328125,12.363281,HEATING,False,255,19.0,19.0,19.125,50.0,REGULAR,IDLE,HEATING,25.5,22.141188,HEATING_ACTIVE,46.0
2024-06-11 11:52:00.482675,16.328125,12.363281,HEATING,False,255,19.0,19.0,19.125,51.0,REGULAR,IDLE,HEATING,23.0,22.141188,HEATING_ACTIVE,46.0
2024-06-11 11:53:00.525656,16.328125,12.363281,HEATING,False,255,19.0,19.0,19.125,51.0,REGULAR,IDLE,HEATING,23.0,22.141188,HEATING_ACTIVE,46.0
2024-06-11 11:54:00.800129,16.328125,12.363281,HEATING,False,255,19.0,19.0,19.125,51.0,REGULAR,IDLE,HEATING,23.0,22.141188,HEATING_ACTIVE,46.0
2024-06-11 11:55:00.698527,16.328125,12.363281,HEATING,False,255,19.0,19.0,19.125,51.0,REGULAR,IDLE,HEATING,23.0,22.141188,HEATING_ACTIVE,46.0
2024-06-11 11:56:00.698972,16.328125,12.363281,HEATING,False,255,19.0,19.0,19.125,51.0,REGULAR,IDLE,HEATING,23.0,22.141188,HEATING_ACTIVE,46.0
2024-06-11 11:57:01.377781,16.328125,12.363281,HEATING,False,255,19.0,19.0,19.125,51.0,REGULAR,IDLE,HEATING,23.0,22.141188,HEATING_ACTIVE,46.0
2024-06-11 11:58:00.586033,16.667969,12.363281,HEATING,False,255,19.0,19.0,19.125,52.0,REGULAR,IDLE,HEATING,23.0,22.141188,HEATING_ACTIVE,46.0
2024-06-11 11:59:00.444357,16.667969,12.363281,HEATING,False,255,19.0,19.0,19.125,52.0,REGULAR,IDLE,HEATING,23.0,22.141188,HEATING_ACTIVE,46.0
2024-06-11 12:00:03.035640,16.667969,12.363281,HEATING,False,255,19.0,19.0,19.125,52.0,REGULAR,IDLE,HEATING,23.0,22.141188,HEATING_ACTIVE,46.0
2024-06-11 12:38:09.032246,17.289062,12.5234375,STANDBY,False,255,19.0,19.0,19.1875,51.0,REGULAR,IDLE,STANDBY,22.0,22.329832,HEATING_STANDBY,45.5
